user_id,telegram_user_id,telegram_username,full_name,registration_timestamp,last_login,is_active,role
1,111111111,admin_one,Admin One,2025-12-10 00:00:00,2025-12-10 18:37:44,True,admin
2,222222222,admin_two,Admin Two,2025-12-10 00:00:00,2025-12-10 00:00:00,True,admin
3,5111985256,user_85256,Maria Rodriguez,2024-09-03 23:52:37,2024-10-22 02:58:39,True,member
4,6093916638,user_16638,Dmitry Rodriguez,2025-10-14 08:19:11,2025-12-05 15:16:06,True,member
5,9343009961,user_09961,Nikita Rodriguez,2025-08-08 04:18:06,2025-12-03 09:30:16,True,member
6,2679231180,user_31180,Nikita Brown,2023-03-07 14:36:13,2023-07-20 12:52:17,True,manager
7,8812282159,user_82159,Maria Martinez,2024-01-27 12:34:33,2025-05-05 13:18:08,True,member
8,3787766572,user_66572,Nikita Johnson,2025-02-01 00:36:59,2025-10-29 12:08:27,True,member
9,5232985897,user_85897,Anna Garcia,2025-02-20 16:35:13,2025-07-05 09:27:44,True,manager
10,6543085490,user_85490,Anna Garcia,2025-05-17 21:12:24,2025-06-10 09:01:21,True,member
11,2618609688,user_09688,Olga Brown,2025-05-02 18:56:31,2025-08-24 18:35:20,True,viewer
12,2958063203,user_63203,Ivan Jones,2025-08-19 18:25:47,2025-11-11 01:46:57,True,member
13,2775822726,user_22726,Elena Smith,2023-09-19 03:18:29,2023-10-13 06:04:52,True,viewer
14,3536574439,user_74439,Nikita Johnson,2024-05-15 08:20:50,2024-10-05 10:47:52,True,member
15,5026310663,user_10663,Tatiana Rodriguez,2025-12-01 09:30:03,2025-12-04 01:31:40,True,manager
16,4952136774,user_36774,Alex Garcia,2025-01-09 19:37:30,2025-10-17 18:09:41,True,member
17,5964625416,user_25416,Elena Williams,2024-08-11 13:02:36,2024-11-06 07:14:27,True,member
18,6862092823,user_92823,Sergey Martinez,2023-12-02 23:05:21,2025-02-13 03:11:22,True,viewer
19,2779269578,user_69578,Olga Johnson,2024-03-16 13:13:36,2025-11-23 13:23:37,True,viewer
20,2645470914,user_70914,Olga Johnson,2024-09-01 02:56:30,2025-12-03 12:52:29,True,member
21,3712411688,user_11688,Alex Rodriguez,2024-08-16 23:33:01,2025-07-06 15:36:00,True,member
22,1410496311,user_96311,Anna Martinez,2024-07-26 22:05:05,2025-02-24 18:55:08,True,viewer
23,7039164426,user_64426,Tatiana Jones,2023-12-02 15:49:19,2025-10-03 08:59:55,True,viewer
24,7141553136,user_53136,Tatiana Williams,2025-04-23 16:52:03,2025-08-27 14:28:36,True,manager
25,4035629900,user_29900,Elena Jones,2023-08-27 12:57:57,2024-08-25 01:28:58,True,member
26,7074354816,user_54816,Maria Rodriguez,2023-11-15 03:09:50,2024-01-20 18:48:04,True,member
27,1734186596,user_86596,Maria Johnson,2024-08-19 06:03:05,2025-11-19 14:36:07,True,member
28,5577649706,user_49706,Nikita Smith,2023-08-07 15:56:38,2025-04-02 23:54:31,True,member
29,8556122616,user_22616,Ivan Miller,2024-08-26 14:16:03,2024-12-05 15:12:09,True,member
30,4624677561,user_77561,Maria Rodriguez,2024-06-09 15:15:54,2024-12-08 14:06:05,True,member
31,7564195387,user_95387,Ivan Williams,2023-03-27 00:15:23,2023-04-11 14:39:41,True,member
32,9438792959,user_92959,Anna Miller,2023-06-12 04:10:44,2023-07-13 11:05:23,True,member
33,1500376421,user_76421,Tatiana Smith,2023-10-14 21:59:34,2025-09-08 06:19:18,True,member
34,9613881419,user_81419,Olga Martinez,2025-05-08 05:35:10,2025-05-16 19:19:34,True,member
35,9592298009,user_98009,Tatiana Miller,2024-07-26 15:21:00,2024-09-05 09:09:28,True,viewer
36,5721458478,user_58478,Sergey Martinez,2023-03-19 11:27:16,2024-01-02 22:23:59,True,member
37,1398851320,user_51320,Nikita Williams,2023-10-02 05:28:42,2023-10-24 07:04:01,True,viewer
38,4068752850,user_52850,Tatiana Jones,2024-12-28 18:26:32,2025-08-29 02:32:01,True,member
39,2217322299,user_22299,Nikita Smith,2024-03-03 03:28:27,2024-06-08 05:40:57,True,member
40,1836523971,user_23971,Dmitry Jones,2024-04-17 23:10:22,2025-05-03 23:51:46,True,viewer
41,2320139062,user_39062,Elena Johnson,2023-10-23 17:06:41,2025-04-09 05:44:42,True,member
42,1220115566,user_15566,Tatiana Davis,2023-06-08 16:48:37,2024-01-11 17:20:39,True,member
43,4896412538,user_12538,Olga Johnson,2025-05-07 00:10:03,2025-09-05 07:44:32,True,member
44,6616492866,user_92866,Tatiana Jones,2023-10-30 18:17:02,2024-11-24 00:53:11,True,member
45,5939622137,user_22137,Maria Williams,2023-08-11 07:35:52,2024-08-06 13:12:06,True,manager
46,6890664552,user_64552,Tatiana Brown,2025-09-29 11:43:57,2025-12-09 18:16:22,True,member
47,5290304841,user_04841,Maria Davis,2025-04-30 08:57:17,2025-10-02 16:06:15,True,member
48,3939875302,user_75302,Ivan Garcia,2024-01-24 23:49:42,2025-06-25 17:54:42,True,member
49,2949542123,user_42123,Nikita Jones,2023-11-08 18:02:40,2024-02-27 09:59:27,True,member
50,3382276947,user_76947,Maria Davis,2025-10-15 23:09:51,2025-11-03 06:29:47,True,member
51,8422651635,user_51635,Anna Jones,2025-09-10 04:30:27,2025-09-26 09:27:35,True,member
52,4940318606,user_18606,Maria Martinez,2023-10-30 06:36:31,2025-10-27 11:23:02,True,manager
53,9418246657,user_46657,Tatiana Johnson,2023-08-31 13:18:43,2025-07-06 03:47:51,True,member
54,5393699202,user_99202,Sergey Smith,2025-09-08 20:40:55,2025-10-10 17:06:10,True,member
55,1459751356,user_51356,Elena Jones,2023-12-14 16:30:16,2024-11-22 23:41:24,True,viewer
56,2714733782,user_33782,Tatiana Miller,2024-12-01 01:15:42,2024-12-19 11:54:09,True,member
57,1458525584,user_25584,Olga Miller,2025-10-21 03:35:28,2025-10-22 05:15:11,True,member
58,7078149521,user_49521,Alex Jones,2025-02-12 01:33:23,2025-07-16 22:40:18,True,viewer
59,7437927457,user_27457,Tatiana Brown,2024-07-27 17:11:18,2025-11-01 17:25:30,True,member
60,8000071680,user_71680,Nikita Williams,2024-01-15 23:36:53,2025-09-30 20:00:37,True,member
61,5151526227,user_26227,Dmitry Smith,2023-11-09 14:11:40,2024-03-28 14:36:17,True,member
62,2800610537,user_10537,Sergey Davis,2023-09-22 00:27:20,2023-10-08 00:37:02,True,member
63,8961287732,user_87732,Anna Johnson,2023-02-04 04:13:58,2025-11-15 11:59:06,True,member
64,5075352096,user_52096,Olga Jones,2024-01-21 06:02:22,2025-05-10 10:31:22,True,viewer
65,5811120258,user_20258,Dmitry Smith,2023-08-27 07:41:29,2024-10-26 19:35:17,True,member
66,5598392210,user_92210,Dmitry Johnson,2024-08-14 08:03:05,2024-12-28 00:07:31,True,viewer
67,2387477001,user_77001,Alex Johnson,2024-08-17 00:44:34,2025-09-29 12:43:03,True,viewer
68,3960789491,user_89491,Nikita Jones,2024-07-27 06:42:31,2024-10-14 13:06:04,True,manager
69,3633753411,user_53411,Anna Garcia,2023-01-07 20:02:16,2023-09-08 03:14:24,True,viewer
70,9572246492,user_46492,Alex Williams,2024-01-01 23:55:25,2024-02-05 05:20:52,True,manager
71,5993876936,user_76936,Elena Davis,2024-02-05 00:52:39,2024-06-21 06:43:40,True,member
72,1253347331,user_47331,Elena Miller,2023-07-04 11:25:49,2025-11-27 02:20:41,True,manager
73,8483580464,user_80464,Maria Rodriguez,2024-08-19 01:59:26,2025-08-22 01:28:19,True,manager
74,2523115888,user_15888,Dmitry Rodriguez,2023-08-18 15:25:02,2025-07-19 02:02:03,True,member
75,6472389209,user_89209,Ivan Davis,2025-05-18 18:28:27,2025-05-27 00:04:55,True,member
76,4597085045,user_85045,Tatiana Martinez,2023-11-22 04:16:16,2025-04-02 07:32:02,True,member
77,2815599736,user_99736,Nikita Martinez,2025-05-19 02:45:29,2025-11-21 10:18:23,True,viewer
78,4913325327,user_25327,Elena Johnson,2025-01-17 18:19:56,2025-03-03 03:53:18,True,viewer
79,1184543994,user_43994,Nikita Smith,2025-01-27 13:12:31,2025-08-27 19:47:17,True,member
80,9635636869,user_36869,Nikita Brown,2023-01-23 14:32:09,2024-09-05 09:15:43,True,member
81,3182035236,user_35236,Ivan Martinez,2024-12-22 02:11:34,2025-09-19 16:00:41,True,member
82,1620733879,user_33879,Elena Rodriguez,2023-04-24 05:51:23,2024-05-11 03:59:06,True,viewer
83,5522051874,user_51874,Ivan Garcia,2023-07-12 10:35:58,2025-06-26 15:09:19,True,member
84,7989271639,user_71639,Elena Jones,2024-10-19 03:29:40,2025-01-05 00:06:37,True,manager
85,5805015387,user_15387,Maria Jones,2024-02-02 19:53:27,2025-02-24 14:57:33,True,member
86,9491192013,user_92013,Nikita Garcia,2024-07-25 14:40:02,2025-05-20 07:06:15,True,viewer
87,4198727755,user_27755,Alex Davis,2023-03-06 21:17:56,2024-11-27 20:26:11,True,member
88,9703188358,user_88358,Elena Johnson,2024-05-02 04:49:24,2024-12-05 00:08:21,True,manager
89,7368560367,user_60367,Sergey Johnson,2023-06-24 09:09:33,2025-10-28 14:04:04,True,member
90,9938507007,user_07007,Alex Jones,2024-01-23 13:09:35,2025-11-14 08:21:14,True,member
91,3079887464,user_87464,Nikita Johnson,2024-09-21 12:20:32,2025-02-14 00:40:38,True,viewer
92,3004596321,user_96321,Olga Miller,2024-10-11 09:00:24,2025-06-17 15:12:05,True,viewer
93,8142909512,user_09512,Nikita Davis,2023-10-01 17:11:17,2025-09-09 10:48:14,True,viewer
94,2024563148,user_63148,Alex Smith,2025-04-26 13:04:53,2025-05-20 19:27:31,True,member
95,3708518062,user_18062,Tatiana Smith,2023-06-02 20:42:41,2024-02-09 18:15:18,True,viewer
96,3742336842,user_36842,Nikita Jones,2024-08-25 00:55:45,2025-05-30 18:34:41,True,member
97,1834283456,user_83456,Alex Jones,2025-01-27 19:54:34,2025-06-11 04:25:39,True,member
98,8502664650,user_64650,Sergey Jones,2023-03-11 23:41:58,2024-07-21 14:56:34,True,viewer
99,6584577611,user_77611,Nikita Davis,2025-02-14 23:42:23,2025-08-24 02:19:46,True,member
100,7992816400,user_16400,Sergey Brown,2023-08-22 10:47:42,2025-04-29 22:47:04,True,viewer
101,5640315777,user_15777,Dmitry Miller,2024-06-27 00:31:42,2025-05-08 06:15:18,True,member
102,9044475659,user_75659,Sergey Garcia,2024-07-30 02:27:14,2025-11-25 12:26:52,True,member
103,5984825475,user_25475,Ivan Miller,2023-10-04 22:09:48,2024-03-22 05:21:40,True,member
104,6961769448,user_69448,Ivan Davis,2024-07-12 11:41:45,2024-07-29 09:45:16,True,member
105,1149088287,user_88287,Ivan Garcia,2025-09-19 01:30:34,2025-09-26 23:08:19,True,member
106,2755902020,user_02020,Alex Jones,2025-06-22 00:34:28,2025-06-24 18:40:41,True,viewer
107,2030475007,user_75007,Anna Brown,2025-03-10 01:03:15,2025-10-04 10:53:29,True,viewer
108,5341860269,user_60269,Olga Martinez,2023-05-23 08:26:31,2023-11-06 16:44:18,True,member
109,4489225665,user_25665,Dmitry Davis,2023-04-20 17:51:55,2024-11-10 15:05:05,True,member
110,9314099391,user_99391,Dmitry Smith,2025-07-14 21:38:23,2025-08-25 09:27:21,True,member
111,3554450350,user_50350,Olga Smith,2024-12-13 13:38:47,2024-12-27 06:00:13,True,member
112,6130631816,user_31816,Anna Smith,2024-08-13 09:58:37,2025-12-08 09:06:55,True,member
113,2047628647,user_28647,Ivan Johnson,2025-09-07 01:00:43,2025-09-25 03:20:25,True,viewer
114,4218098831,user_98831,Elena Johnson,2025-04-22 05:56:53,2025-05-04 19:02:47,True,member
115,4836031929,user_31929,Maria Williams,2023-08-02 13:54:49,2023-09-20 01:48:03,True,member
116,7076000689,user_00689,Maria Martinez,2025-03-23 21:23:08,2025-05-30 19:59:43,True,viewer
117,8081552135,user_52135,Alex Johnson,2024-02-01 14:54:30,2024-04-18 12:29:56,True,member
118,8772950573,user_50573,Sergey Brown,2024-08-28 16:23:17,2025-11-29 07:32:08,True,member
119,6843501019,user_01019,Sergey Rodriguez,2023-10-26 17:14:14,2024-08-21 13:24:51,True,member
120,7963046251,user_46251,Maria Smith,2024-03-04 07:40:31,2024-06-28 11:46:44,True,member
121,9204787666,user_87666,Sergey Davis,2024-09-16 15:08:42,2025-06-06 04:55:19,True,viewer
122,9982161673,user_61673,Sergey Garcia,2024-04-03 00:01:13,2025-09-22 08:05:25,True,member
123,1624901739,user_01739,Tatiana Davis,2025-11-02 07:51:35,2025-11-27 09:14:44,True,member
124,9841028820,user_28820,Tatiana Jones,2024-11-25 20:32:24,2025-10-26 17:47:37,True,viewer
125,4584907391,user_07391,Nikita Garcia,2024-09-29 11:23:52,2024-11-20 15:56:30,True,member
126,5943796567,user_96567,Sergey Williams,2023-12-26 10:23:11,2024-09-20 16:26:34,True,member
127,8604804299,user_04299,Elena Williams,2024-02-04 08:33:16,2024-11-04 09:10:35,True,viewer
128,9588045092,user_45092,Anna Johnson,2024-12-16 03:58:57,2025-11-25 03:50:02,True,member
129,4990704904,user_04904,Dmitry Jones,2024-05-27 04:46:55,2024-08-08 08:49:05,True,member
130,3521762456,user_62456,Maria Rodriguez,2023-05-05 18:00:09,2023-08-23 06:40:32,True,member
131,1827129877,user_29877,Alex Miller,2025-01-19 21:44:13,2025-08-29 08:24:22,True,member
132,3529799090,user_99090,Elena Jones,2023-09-23 04:09:38,2025-02-09 16:21:28,True,member
133,1851339273,user_39273,Olga Miller,2025-05-10 19:05:38,2025-08-14 03:23:39,True,member
134,2196147924,user_47924,Alex Garcia,2023-05-05 16:20:00,2023-12-19 06:41:02,True,viewer
135,5085826497,user_26497,Tatiana Rodriguez,2024-03-18 17:56:59,2025-05-07 07:52:25,True,member
136,7549886049,user_86049,Tatiana Martinez,2024-10-20 08:03:22,2025-10-30 15:33:54,True,viewer
137,2214774932,user_74932,Maria Williams,2023-04-13 02:48:07,2025-01-18 22:53:58,True,viewer
138,1131733455,user_33455,Sergey Smith,2023-08-01 08:07:59,2023-10-25 11:14:45,True,member
139,3647344040,user_44040,Elena Brown,2023-01-30 03:01:05,2024-01-15 10:35:09,True,member
140,3406034679,user_34679,Ivan Garcia,2025-06-03 17:16:34,2025-06-16 20:46:21,True,member
141,9115812804,user_12804,Alex Johnson,2025-07-27 12:21:04,2025-11-21 20:06:36,True,member
142,1967876151,user_76151,Elena Johnson,2023-01-13 00:14:58,2023-07-18 14:40:12,True,member
143,2607602308,user_02308,Nikita Johnson,2023-11-13 23:54:12,2025-02-03 03:48:44,True,member
144,4297756569,user_56569,Ivan Garcia,2024-09-03 08:04:30,2025-08-23 17:50:05,True,member
145,5975543025,user_43025,Tatiana Williams,2023-11-27 09:16:03,2025-07-08 07:56:02,True,viewer
146,8002482666,user_82666,Ivan Johnson,2023-12-13 08:12:11,2024-07-19 11:30:46,True,member
147,2413129972,user_29972,Elena Miller,2025-10-15 16:59:46,2025-11-19 11:43:09,True,manager
148,7744837613,user_37613,Dmitry Martinez,2024-08-27 13:37:52,2025-04-21 05:33:57,True,member
149,2777602655,user_02655,Alex Davis,2024-01-25 20:23:08,2024-07-21 12:04:30,True,viewer
150,8533007855,user_07855,Ivan Smith,2025-05-16 07:44:39,2025-10-05 11:27:29,True,member
151,7573298074,user_98074,Alex Miller,2023-02-24 20:05:28,2025-07-05 13:19:13,True,member
152,4217950798,user_50798,Ivan Brown,2024-08-14 15:29:43,2025-06-10 09:23:11,True,member
153,9646404282,user_04282,Alex Davis,2024-03-18 23:29:48,2025-08-31 01:08:27,True,member
154,7960407383,user_07383,Dmitry Williams,2025-09-25 01:01:03,2025-11-17 04:39:31,True,member
155,9942001995,user_01995,Anna Williams,2025-09-30 13:13:18,2025-10-01 19:37:27,True,member
156,5090067274,user_67274,Sergey Williams,2023-05-28 16:06:45,2025-04-06 06:51:18,True,viewer
157,4175532342,user_32342,Sergey Rodriguez,2023-09-17 22:01:54,2023-11-11 13:04:20,True,member
158,3528402319,user_02319,Ivan Miller,2023-11-23 05:05:04,2025-11-03 11:42:36,True,viewer
159,7416013612,user_13612,Alex Martinez,2023-03-18 12:50:52,2025-10-21 07:00:13,True,member
160,3708826586,user_26586,Sergey Davis,2023-01-05 17:16:20,2023-04-13 21:20:36,True,viewer
161,8408029982,user_29982,Anna Garcia,2024-03-19 17:40:50,2025-01-01 18:45:17,True,manager
162,1479295302,user_95302,Elena Jones,2023-05-26 08:44:45,2023-11-28 05:46:42,True,member
163,8664772395,user_72395,Tatiana Williams,2023-01-11 01:10:04,2024-05-23 14:14:37,True,member
164,4114104874,user_04874,Tatiana Johnson,2024-04-21 12:52:25,2024-06-08 08:47:07,True,manager
165,1926109530,user_09530,Nikita Jones,2025-10-30 20:57:54,2025-11-30 22:19:34,True,member
166,7187136148,user_36148,Dmitry Jones,2025-04-04 09:46:57,2025-05-18 10:59:20,True,member
167,2704565076,user_65076,Anna Martinez,2023-10-16 09:25:58,2025-05-25 09:50:54,True,viewer
168,2322577984,user_77984,Maria Williams,2023-10-03 14:01:09,2025-10-24 00:52:07,True,member
169,1003695289,user_95289,Nikita Johnson,2025-06-16 23:22:17,2025-10-11 00:25:10,True,member
170,4237760647,user_60647,Elena Martinez,2024-03-18 09:23:28,2024-08-13 03:47:55,True,member
171,5995147774,user_47774,Maria Johnson,2025-11-25 01:56:52,2025-11-30 17:32:09,True,member
172,4589779796,user_79796,Ivan Garcia,2024-08-05 17:46:52,2025-07-15 16:20:02,True,member
173,8056506071,user_06071,Olga Brown,2023-02-12 05:57:00,2024-08-24 20:32:26,True,member
174,6381356638,user_56638,Elena Smith,2024-05-15 13:48:46,2025-07-31 12:21:59,True,member
175,3582794103,user_94103,Elena Williams,2023-07-08 00:40:39,2025-05-05 13:30:42,True,member
176,1410868376,user_68376,Alex Martinez,2025-11-23 08:36:46,2025-12-02 13:29:27,True,member
177,1545824702,user_24702,Sergey Jones,2025-06-25 09:29:38,2025-07-08 05:00:27,True,member
178,8848139613,user_39613,Maria Brown,2023-10-24 16:53:03,2024-09-05 20:22:54,True,viewer
179,6095768361,user_68361,Anna Garcia,2025-04-10 23:21:43,2025-09-10 04:38:45,True,member
180,2044449804,user_49804,Ivan Brown,2024-06-22 11:44:11,2025-06-15 15:49:34,True,viewer
181,6867377165,user_77165,Anna Brown,2025-11-19 05:46:05,2025-11-23 12:34:27,True,member
182,9997465267,user_65267,Dmitry Garcia,2025-03-04 23:09:51,2025-04-01 16:35:12,True,member
183,2500667203,user_67203,Tatiana Rodriguez,2024-03-09 23:55:04,2024-04-04 06:29:56,True,member
184,3481175934,user_75934,Anna Garcia,2023-09-23 20:19:52,2025-08-30 09:03:13,True,member
185,4130191837,user_91837,Tatiana Martinez,2023-03-15 02:41:55,2024-03-16 14:01:41,True,member
186,4810717078,user_17078,Elena Smith,2025-06-06 14:29:03,2025-06-21 06:31:51,True,member
187,9229727369,user_27369,Maria Smith,2025-03-09 07:53:52,2025-03-17 17:09:40,True,member
188,6759344961,user_44961,Elena Garcia,2024-03-26 04:54:55,2024-04-27 18:54:49,True,member
189,4225936566,user_36566,Olga Jones,2023-11-22 23:01:40,2024-09-21 00:58:12,True,member
190,1329503755,user_03755,Maria Rodriguez,2024-10-21 19:53:18,2024-12-14 06:47:21,True,manager
191,8419061703,user_61703,Nikita Smith,2025-01-09 06:10:09,2025-09-06 17:14:01,True,viewer
192,3884691200,user_91200,Maria Davis,2023-06-02 10:16:25,2023-11-03 01:55:45,True,member
193,6370651212,user_51212,Ivan Jones,2024-07-08 01:54:53,2024-11-04 18:10:12,True,member
194,5398586766,user_86766,Anna Johnson,2024-01-28 02:07:04,2024-04-16 18:46:35,True,member
195,7786586035,user_86035,Dmitry Smith,2023-11-01 23:10:30,2023-11-13 14:35:40,True,member
196,7718793065,user_93065,Ivan Miller,2025-03-13 18:26:44,2025-12-07 04:50:16,True,viewer
197,8226017756,user_17756,Elena Smith,2025-03-01 03:29:19,2025-09-22 18:19:47,True,member
198,2903659271,user_59271,Dmitry Davis,2023-10-03 00:03:39,2025-07-10 04:19:06,True,viewer
199,9921035526,user_35526,Ivan Smith,2023-11-14 20:35:47,2024-11-23 01:04:35,True,member
200,4619273014,user_73014,Nikita Brown,2024-08-08 22:09:25,2025-05-15 09:38:41,True,member
201,9729013108,user_13108,Sergey Jones,2024-09-26 23:31:53,2025-03-04 12:40:35,True,member
202,7073881221,user_81221,Alex Brown,2023-01-09 14:55:05,2024-05-05 08:11:21,True,member
203,6957051169,user_51169,Nikita Williams,2023-03-04 05:00:53,2025-08-24 21:57:54,True,member
204,5529456439,user_56439,Elena Davis,2024-09-02 16:57:55,2024-11-09 00:53:13,True,viewer
205,7198827932,user_27932,Anna Jones,2025-08-27 04:47:44,2025-08-29 19:51:11,True,member
206,6248158335,user_58335,Nikita Davis,2024-03-20 21:15:50,2025-02-24 08:55:10,True,member
207,9960196110,user_96110,Dmitry Williams,2024-01-11 16:26:52,2025-08-29 23:34:05,True,member
208,1866592900,user_92900,Olga Brown,2023-01-14 11:10:17,2025-06-10 15:11:06,True,member
209,7985998605,user_98605,Sergey Rodriguez,2024-10-18 11:04:30,2025-01-17 19:21:02,True,member
210,3072020097,user_20097,Ivan Johnson,2025-09-15 23:16:02,2025-10-23 09:57:55,True,member
211,7745938117,user_38117,Tatiana Garcia,2023-01-08 02:21:30,2024-01-01 05:33:06,True,member
212,6640566209,user_66209,Maria Williams,2025-07-26 07:49:43,2025-09-24 03:21:46,True,member
213,3061073162,user_73162,Dmitry Williams,2023-06-06 10:04:13,2023-12-26 20:45:58,True,member
214,7160738493,user_38493,Alex Johnson,2024-06-07 17:32:18,2025-10-31 02:49:45,True,member
215,6962891274,user_91274,Elena Johnson,2024-08-14 09:12:30,2025-11-24 13:28:42,True,member
216,7030198542,user_98542,Alex Garcia,2024-12-25 12:57:18,2025-08-14 05:31:23,True,member
217,2688068995,user_68995,Tatiana Williams,2025-11-01 22:56:21,2025-11-20 14:39:32,True,member
218,5076320392,user_20392,Alex Smith,2025-09-06 23:13:30,2025-10-31 10:03:11,True,member
219,8077024047,user_24047,Maria Rodriguez,2025-10-01 02:29:21,2025-10-15 17:45:06,True,member
220,9728071576,user_71576,Olga Martinez,2024-06-02 09:24:00,2024-08-14 08:53:33,True,manager
221,4987765308,user_65308,Maria Johnson,2023-03-04 09:58:38,2023-09-12 21:43:51,True,member
222,9889854906,user_54906,Dmitry Jones,2024-11-23 15:04:49,2025-11-10 16:10:56,True,viewer
223,8698270546,user_70546,Tatiana Garcia,2025-03-04 08:44:12,2025-06-19 17:24:03,True,member
224,9991736076,user_36076,Maria Martinez,2025-10-30 18:08:18,2025-11-19 13:15:20,True,viewer
225,4944482582,user_82582,Olga Miller,2023-08-15 16:06:34,2025-04-29 19:31:46,True,member
226,3778759982,user_59982,Dmitry Martinez,2023-07-31 09:59:03,2023-11-09 20:19:58,True,viewer
227,2525122287,user_22287,Tatiana Martinez,2023-03-05 22:13:48,2024-11-12 13:32:56,True,member
228,8367594576,user_94576,Alex Johnson,2023-04-01 06:15:19,2024-01-04 21:07:21,True,member
229,9858114891,user_14891,Olga Williams,2023-06-11 20:14:43,2025-07-13 09:34:24,True,viewer
230,9174013779,user_13779,Dmitry Garcia,2025-11-14 07:38:40,2025-12-04 14:48:41,True,member
231,4294601975,user_01975,Tatiana Martinez,2023-06-24 04:38:40,2024-02-20 16:29:05,True,member
232,6966433883,user_33883,Dmitry Garcia,2024-11-18 15:07:33,2025-08-08 08:52:05,True,member
233,3456317490,user_17490,Dmitry Rodriguez,2025-02-09 11:06:00,2025-05-09 00:50:54,True,member
234,5623351486,user_51486,Sergey Garcia,2023-11-23 04:48:23,2024-07-07 02:02:36,True,viewer
235,1563308631,user_08631,Dmitry Miller,2025-08-24 02:27:44,2025-11-26 10:10:10,True,member
236,9904923777,user_23777,Dmitry Martinez,2023-07-23 03:29:18,2025-03-11 18:36:58,True,member
237,3693295244,user_95244,Anna Rodriguez,2023-06-08 17:58:16,2023-10-26 14:37:58,True,member
238,8839969413,user_69413,Dmitry Brown,2023-07-30 13:13:26,2025-11-24 01:41:45,True,member
239,6864146723,user_46723,Maria Smith,2025-04-18 17:44:27,2025-06-08 21:31:22,True,member
240,9846366777,user_66777,Alex Jones,2025-01-24 16:29:07,2025-11-07 14:08:57,True,member
241,2614820307,user_20307,Elena Johnson,2023-05-10 23:26:03,2024-08-25 23:26:19,True,manager
242,3723021767,user_21767,Sergey Williams,2025-01-14 01:27:08,2025-08-15 15:32:16,True,member
243,4475274794,user_74794,Tatiana Davis,2025-01-16 00:48:00,2025-02-14 13:28:20,True,member
244,8773809257,user_09257,Ivan Brown,2024-06-25 10:56:11,2025-01-12 14:17:39,True,member
245,1566062733,user_62733,Dmitry Davis,2025-06-08 07:56:48,2025-11-22 02:26:55,True,member
246,4227094245,user_94245,Ivan Garcia,2025-08-04 13:10:24,2025-08-19 01:45:04,True,member
247,2169862147,user_62147,Dmitry Smith,2024-09-22 07:12:37,2025-02-01 18:10:50,True,member
248,7517611335,user_11335,Dmitry Jones,2024-01-21 01:41:46,2025-04-27 11:21:49,True,member
249,3661194478,user_94478,Alex Davis,2024-12-22 03:09:32,2025-01-09 09:38:20,True,member
250,6641914819,user_14819,Olga Brown,2023-05-16 13:28:13,2024-04-11 23:56:24,True,member
251,8975893117,user_93117,Elena Williams,2023-03-28 16:41:10,2024-10-31 20:37:38,True,member
252,4924264896,user_64896,Tatiana Johnson,2023-02-10 03:52:11,2025-06-29 04:48:43,True,viewer
253,4279482837,user_82837,Nikita Miller,2023-02-14 14:06:09,2023-09-02 06:40:32,True,member
254,2655890770,user_90770,Alex Jones,2024-07-20 08:31:05,2024-10-01 00:37:41,True,member
255,2106496675,user_96675,Olga Rodriguez,2023-06-07 21:15:36,2024-11-16 02:50:04,True,member
256,2070129080,user_29080,Ivan Garcia,2023-03-19 04:13:19,2025-04-10 20:21:57,True,manager
257,9182011370,user_11370,Nikita Martinez,2024-01-29 21:30:13,2024-11-19 12:18:49,True,member
258,4250601509,user_01509,Ivan Jones,2024-12-02 09:19:17,2025-01-06 20:54:33,True,member
259,4104373329,user_73329,Tatiana Williams,2023-06-15 17:37:52,2024-08-23 12:43:30,True,member
260,4887805120,user_05120,Maria Davis,2023-03-13 03:42:03,2023-11-18 07:11:09,True,member
261,8531034392,user_34392,Ivan Smith,2024-02-29 23:58:59,2024-05-04 01:55:32,True,viewer
262,7033063434,user_63434,Anna Garcia,2024-04-17 23:12:22,2024-04-30 07:26:00,True,member
263,8580813103,user_13103,Tatiana Smith,2023-08-15 06:48:00,2025-04-30 15:21:59,True,member
264,1144625297,user_25297,Ivan Miller,2024-12-08 18:22:15,2025-01-17 01:51:26,True,member
265,4898546989,user_46989,Tatiana Jones,2024-12-12 11:43:14,2025-01-31 07:24:31,True,manager
266,1363654153,user_54153,Ivan Williams,2023-05-26 10:17:57,2025-05-20 12:29:06,True,viewer
267,3777473383,user_73383,Sergey Johnson,2023-08-25 01:33:25,2024-03-07 17:52:04,True,member
268,2575051196,user_51196,Elena Martinez,2025-01-01 00:21:03,2025-01-12 12:33:22,True,viewer
269,4363705751,user_05751,Ivan Rodriguez,2024-09-28 07:21:57,2025-10-27 00:54:14,True,viewer
270,5309290252,user_90252,Dmitry Johnson,2023-09-28 14:37:36,2024-02-16 23:08:36,True,member
271,1633540081,user_40081,Ivan Johnson,2025-08-13 12:52:38,2025-12-05 06:43:29,True,member
272,7082062552,user_62552,Elena Williams,2025-12-07 04:51:03,2025-12-07 17:16:53,True,member
273,8165185726,user_85726,Ivan Brown,2024-11-02 02:19:36,2025-08-22 09:25:35,True,member
274,7263107519,user_07519,Sergey Johnson,2024-04-27 02:12:54,2025-04-13 13:30:51,True,viewer
275,8908831316,user_31316,Olga Davis,2024-03-24 00:32:26,2025-07-28 06:59:50,True,manager
276,9399969146,user_69146,Nikita Brown,2024-09-09 12:06:53,2024-10-05 03:36:27,True,member
277,5581546111,user_46111,Anna Smith,2025-11-23 18:10:31,2025-12-09 02:12:16,True,manager
278,4610932628,user_32628,Tatiana Smith,2023-06-19 11:42:44,2024-02-01 14:57:08,True,viewer
279,6951671603,user_71603,Alex Miller,2025-07-25 09:33:33,2025-10-13 00:21:19,True,member
280,6727406410,user_06410,Tatiana Jones,2025-03-06 01:56:08,2025-09-03 06:32:02,True,member
281,7060356751,user_56751,Ivan Davis,2024-11-03 21:41:46,2024-12-16 04:56:16,True,viewer
282,6514644217,user_44217,Anna Johnson,2024-05-28 19:05:29,2024-11-17 07:00:10,True,member
283,7333781051,user_81051,Maria Martinez,2024-07-14 01:08:23,2025-08-14 16:05:29,True,member
284,9255936464,user_36464,Elena Martinez,2023-12-09 15:54:42,2025-08-27 01:52:13,True,member
285,6714303262,user_03262,Nikita Miller,2023-09-15 18:01:48,2025-04-16 13:19:22,True,member
286,5766524559,user_24559,Tatiana Garcia,2024-12-21 16:47:26,2025-08-05 07:25:55,True,member
287,5955214785,user_14785,Olga Williams,2023-11-11 22:57:21,2025-11-16 05:23:30,True,viewer
288,3657615134,user_15134,Olga Miller,2025-04-21 08:32:29,2025-07-01 20:14:18,True,member
289,7712533855,user_33855,Anna Martinez,2023-12-11 05:26:16,2024-04-11 11:24:01,True,viewer
290,5582201511,user_01511,Ivan Smith,2024-05-15 14:40:01,2025-10-15 00:43:10,True,member
291,1145183087,user_83087,Elena Johnson,2024-04-13 12:58:46,2024-05-16 02:44:47,True,member
292,1271040322,user_40322,Alex Martinez,2025-09-22 18:08:57,2025-10-18 22:08:56,True,member
293,4852525033,user_25033,Sergey Williams,2025-08-19 02:31:21,2025-10-07 16:56:43,True,member
294,8470318135,user_18135,Olga Davis,2025-04-08 04:23:54,2025-08-13 02:46:38,True,member
295,3348117716,user_17716,Alex Smith,2023-05-09 08:49:02,2025-06-16 06:16:12,True,member
296,2785259485,user_59485,Ivan Garcia,2025-07-03 12:32:36,2025-10-08 00:37:45,True,member
297,1796930578,user_30578,Alex Miller,2023-05-23 03:17:15,2025-04-06 21:35:47,True,member
298,8678388287,user_88287,Tatiana Johnson,2024-08-24 00:42:04,2025-08-23 06:03:26,True,viewer
299,3602964519,user_64519,Nikita Garcia,2023-06-12 18:21:00,2025-07-24 02:08:12,True,viewer
300,7745877169,user_77169,Olga Martinez,2024-06-17 03:06:51,2024-09-15 17:39:59,True,member
301,8769535220,user_35220,Sergey Smith,2024-02-19 16:25:57,2025-05-17 12:53:31,True,member
302,8092741267,user_41267,Dmitry Garcia,2025-11-24 12:50:10,2025-12-01 05:04:54,True,member
303,1895297692,user_97692,Sergey Davis,2023-08-16 06:24:10,2024-11-30 17:06:59,True,viewer
304,7942393792,user_93792,Elena Williams,2025-08-23 01:59:13,2025-11-22 01:09:16,True,member
305,6169309523,user_09523,Maria Martinez,2023-01-17 21:44:16,2025-04-18 22:40:14,True,member
306,2967994071,user_94071,Dmitry Johnson,2023-06-14 08:13:47,2024-09-28 08:58:34,True,member
307,2660592865,user_92865,Anna Davis,2023-07-17 18:43:55,2025-09-21 21:51:12,True,member
308,8120291370,user_91370,Dmitry Brown,2024-10-01 13:26:22,2025-08-18 20:56:36,True,viewer
309,7466606528,user_06528,Nikita Davis,2023-08-27 04:45:16,2025-05-29 05:34:29,True,member
310,5237769090,user_69090,Olga Miller,2023-07-27 20:25:20,2025-08-24 19:49:03,True,viewer
311,2273486323,user_86323,Tatiana Davis,2023-10-10 11:11:47,2023-12-08 07:14:29,True,member
312,6407688382,user_88382,Elena Davis,2023-06-06 23:23:13,2024-03-14 17:19:56,True,member
313,1407283505,user_83505,Olga Miller,2023-12-22 20:34:15,2024-08-23 16:44:12,True,viewer
314,5071925467,user_25467,Alex Rodriguez,2024-11-26 18:51:19,2025-12-07 10:30:27,True,member
315,7166478091,user_78091,Maria Garcia,2024-11-08 22:39:53,2025-08-29 07:35:54,True,member
316,1249205956,user_05956,Elena Jones,2025-10-21 10:40:54,2025-12-08 03:24:39,True,viewer
317,5686184276,user_84276,Ivan Smith,2025-09-15 03:26:57,2025-09-21 05:54:34,True,viewer
318,5553323782,user_23782,Anna Davis,2024-09-25 22:40:56,2025-12-08 05:41:34,True,viewer
319,8877923027,user_23027,Nikita Martinez,2024-09-24 05:56:49,2025-11-03 00:57:35,True,member
320,8747870156,user_70156,Ivan Williams,2023-08-04 21:16:09,2024-06-03 08:56:52,True,member
321,6735961652,user_61652,Anna Martinez,2025-08-01 11:52:56,2025-10-03 03:43:47,True,member
322,1085530797,user_30797,Nikita Williams,2025-04-27 15:07:48,2025-11-04 12:08:07,True,member
323,6704030525,user_30525,Nikita Miller,2024-10-07 09:01:15,2024-12-18 19:59:49,True,member
324,2026417422,user_17422,Elena Smith,2024-02-09 21:48:13,2025-03-07 17:13:57,True,member
325,9973157479,user_57479,Dmitry Johnson,2024-09-11 06:42:42,2025-09-25 21:14:51,True,member
326,5353937862,user_37862,Maria Davis,2025-04-22 02:24:23,2025-06-30 22:28:46,True,member
327,5579431028,user_31028,Ivan Smith,2025-03-18 03:42:33,2025-12-03 22:22:15,True,member
328,3161086537,user_86537,Olga Martinez,2023-05-26 05:31:09,2025-11-09 06:06:02,True,manager
329,3616882878,user_82878,Ivan Garcia,2025-06-11 09:22:07,2025-07-06 08:49:27,True,member
330,8579705225,user_05225,Nikita Jones,2023-02-11 05:49:02,2025-08-10 05:48:47,True,manager
331,1861748965,user_48965,Sergey Martinez,2023-05-01 08:17:58,2025-03-19 04:24:10,True,member
332,5187667166,user_67166,Elena Garcia,2024-08-04 21:50:02,2024-10-08 13:16:14,True,member
333,4559208626,user_08626,Nikita Davis,2024-03-03 23:43:56,2024-11-10 05:56:17,True,member
334,5436736230,user_36230,Elena Williams,2024-02-19 17:21:37,2024-04-11 07:39:35,True,viewer
335,5923722211,user_22211,Elena Brown,2025-02-13 21:43:05,2025-05-28 04:59:23,True,member
336,3919697757,user_97757,Sergey Martinez,2024-04-30 21:13:41,2024-07-03 05:03:09,True,admin
337,8360050200,user_50200,Anna Smith,2025-03-01 17:04:45,2025-03-13 22:09:11,True,member
338,3216968227,user_68227,Olga Johnson,2023-04-02 04:19:03,2024-07-10 00:50:26,True,member
339,7694269482,user_69482,Elena Johnson,2024-09-19 22:23:22,2025-03-21 02:44:57,True,member
340,3354208675,user_08675,Anna Smith,2024-05-07 10:26:15,2024-05-22 05:40:07,True,manager
341,3468343281,user_43281,Maria Brown,2024-04-06 10:31:47,2025-09-30 13:12:30,True,member
342,6024816702,user_16702,Nikita Johnson,2023-02-24 09:14:00,2024-06-13 17:24:26,True,member
343,9753164689,user_64689,Ivan Johnson,2023-10-20 08:25:24,2025-01-09 14:31:49,True,member
344,8513958242,user_58242,Dmitry Martinez,2025-10-30 10:52:14,2025-11-30 16:49:46,True,viewer
345,3737968493,user_68493,Olga Miller,2025-05-31 19:02:35,2025-08-04 23:00:47,True,member
346,5774275123,user_75123,Dmitry Rodriguez,2025-06-24 09:33:19,2025-10-10 21:57:52,True,member
347,9790843307,user_43307,Maria Davis,2025-03-17 10:29:34,2025-05-25 19:23:39,True,viewer
348,3453927658,user_27658,Elena Martinez,2024-02-07 05:32:28,2024-05-20 12:37:38,True,member
349,9332371818,user_71818,Sergey Johnson,2024-12-24 23:19:22,2025-05-30 18:10:24,True,member
350,9273276413,user_76413,Nikita Martinez,2024-06-29 04:44:40,2025-11-13 22:55:52,True,member
351,5409774558,user_74558,Tatiana Davis,2023-08-13 03:58:02,2023-11-12 12:24:57,True,member
352,7820501214,user_01214,Alex Williams,2023-11-27 07:39:55,2024-01-23 09:23:57,True,viewer
353,2458764030,user_64030,Nikita Martinez,2024-08-14 03:29:44,2025-02-23 19:17:34,True,member
354,7575321295,user_21295,Dmitry Martinez,2023-08-29 23:40:50,2024-09-29 15:41:37,True,member
355,8573268049,user_68049,Tatiana Jones,2025-07-04 12:36:45,2025-07-10 12:14:02,True,member
356,3071225639,user_25639,Dmitry Miller,2023-04-18 04:30:17,2025-03-02 18:05:39,True,manager
357,2594163104,user_63104,Olga Brown,2025-05-18 23:58:32,2025-06-18 14:44:30,True,member
358,4112434501,user_34501,Maria Rodriguez,2025-06-10 21:21:24,2025-10-06 05:52:46,True,admin
359,1300240963,user_40963,Elena Brown,2025-08-11 09:30:22,2025-09-24 22:17:56,True,viewer
360,4705257021,user_57021,Anna Johnson,2025-06-19 23:22:46,2025-09-13 11:54:31,True,member
361,7154572267,user_72267,Elena Brown,2025-01-16 12:16:57,2025-12-05 21:55:44,True,member
362,9237993831,user_93831,Alex Brown,2025-03-02 17:03:04,2025-05-02 07:10:23,True,member
363,3463946041,user_46041,Dmitry Rodriguez,2024-08-25 20:58:29,2025-06-18 14:29:32,True,member
364,1341534405,user_34405,Alex Martinez,2023-04-12 03:15:25,2024-02-11 16:21:17,True,member
365,1195434298,user_34298,Ivan Jones,2023-03-09 15:54:49,2023-11-18 12:23:10,True,member
366,2577617257,user_17257,Dmitry Williams,2023-04-05 22:50:36,2025-04-10 01:32:54,True,member
367,5136124092,user_24092,Elena Johnson,2024-10-19 16:24:59,2025-12-08 23:59:27,True,viewer
368,8996049358,user_49358,Tatiana Martinez,2023-09-11 13:23:07,2025-08-06 16:38:58,True,viewer
369,4170300997,user_00997,Nikita Smith,2023-11-27 00:51:53,2024-07-31 06:01:43,True,member
370,9220739933,user_39933,Sergey Rodriguez,2025-08-23 03:31:23,2025-09-18 03:32:51,True,viewer
371,5868995595,user_95595,Dmitry Brown,2025-05-21 18:16:52,2025-10-13 20:43:32,True,member
372,9974028401,user_28401,Alex Jones,2023-06-24 17:12:12,2024-07-17 17:10:58,True,member
373,7270616908,user_16908,Tatiana Smith,2024-11-29 18:51:12,2025-01-14 20:33:28,True,member
374,3990917658,user_17658,Alex Miller,2024-09-18 19:53:05,2025-07-17 20:32:41,True,viewer
375,9270276286,user_76286,Anna Johnson,2024-03-16 22:28:12,2024-07-19 15:13:15,True,manager
376,2818710214,user_10214,Sergey Smith,2023-07-29 20:39:58,2025-03-13 11:11:56,True,viewer
377,6892742846,user_42846,Alex Brown,2025-07-10 06:31:49,2025-08-08 14:55:25,True,member
378,4904828591,user_28591,Ivan Miller,2025-06-08 20:22:15,2025-11-08 09:32:19,True,member
379,9104759129,user_59129,Ivan Davis,2023-04-11 18:08:45,2025-05-25 15:32:45,True,member
380,6588768387,user_68387,Sergey Rodriguez,2023-08-22 21:59:43,2025-09-26 01:40:48,True,member
381,8540767008,user_67008,Nikita Williams,2023-01-26 05:12:37,2025-08-27 21:59:59,True,member
382,6173680731,user_80731,Alex Williams,2023-02-15 21:54:48,2023-08-04 17:51:51,True,member
383,1410306556,user_06556,Anna Miller,2025-10-18 06:04:13,2025-10-24 01:02:33,True,member
384,5362026948,user_26948,Dmitry Garcia,2024-07-29 15:08:47,2024-12-18 15:30:41,True,viewer
385,6998706020,user_06020,Anna Brown,2025-04-01 23:04:13,2025-10-11 12:31:41,True,member
386,9777298817,user_98817,Anna Williams,2024-08-13 09:59:44,2025-01-30 12:03:36,True,member
387,1620651582,user_51582,Tatiana Brown,2023-02-02 10:52:13,2023-03-31 20:14:47,True,manager
388,4944427324,user_27324,Nikita Brown,2023-08-30 03:40:02,2025-07-01 03:14:39,True,member
389,1590997713,user_97713,Maria Miller,2024-08-24 10:02:21,2025-12-02 18:54:49,True,manager
390,8336248514,user_48514,Elena Johnson,2025-03-24 22:35:03,2025-11-07 00:13:35,True,member
391,6497576401,user_76401,Ivan Brown,2024-09-04 18:20:16,2024-09-05 16:33:58,True,member
392,1220986581,user_86581,Elena Brown,2024-08-02 03:35:50,2025-01-17 05:05:53,True,manager
393,8570589574,user_89574,Olga Johnson,2025-05-15 06:35:54,2025-09-19 04:39:09,True,member
394,6556902375,user_02375,Nikita Miller,2023-04-11 06:36:14,2024-10-17 10:12:42,True,member
395,6444628793,user_28793,Dmitry Brown,2025-01-05 03:00:26,2025-08-16 11:48:31,True,viewer
396,2177957319,user_57319,Nikita Martinez,2025-08-31 08:52:37,2025-11-10 07:34:10,True,member
397,8473595306,user_95306,Nikita Jones,2023-01-15 04:28:52,2025-03-02 00:53:09,True,member
398,8625434611,user_34611,Dmitry Jones,2025-10-20 03:11:11,2025-11-18 14:46:17,True,member
399,3934748067,user_48067,Anna Jones,2024-11-10 06:44:26,2025-04-15 18:16:31,True,member
400,6726121886,user_21886,Ivan Garcia,2025-11-16 11:05:46,2025-12-04 18:28:58,True,member
401,2828043517,user_43517,Nikita Brown,2023-02-27 10:05:57,2024-10-10 23:33:39,True,member
402,4608544206,user_44206,Ivan Brown,2024-06-04 14:07:35,2025-09-30 15:27:11,True,member
403,7283977315,user_77315,Elena Davis,2025-07-22 14:32:17,2025-08-23 20:23:40,True,member
404,2705196494,user_96494,Nikita Garcia,2023-09-18 14:12:37,2025-09-02 13:06:26,True,viewer
405,5562160692,user_60692,Anna Rodriguez,2024-02-25 02:28:58,2024-09-02 19:41:45,True,member
406,2407598349,user_98349,Anna Johnson,2024-01-07 07:13:03,2025-05-28 18:31:29,True,member
407,9171829496,user_29496,Dmitry Williams,2025-02-16 21:57:50,2025-07-04 05:53:19,True,member
408,2421739230,user_39230,Elena Johnson,2025-12-01 18:37:03,2025-12-06 22:45:08,True,member
409,9639834946,user_34946,Ivan Rodriguez,2023-01-29 15:53:40,2025-08-18 03:05:00,True,member
410,7953685637,user_85637,Tatiana Garcia,2025-02-06 11:42:03,2025-04-07 12:53:51,True,member
411,6053889100,user_89100,Olga Martinez,2023-06-05 14:13:46,2025-03-26 18:46:02,True,member
412,7065547572,user_47572,Maria Miller,2023-12-18 05:18:04,2024-05-18 23:32:59,True,member
413,6924721507,user_21507,Maria Davis,2023-11-18 21:58:29,2024-10-20 17:05:54,True,member
414,7385922657,user_22657,Alex Smith,2025-06-06 02:41:26,2025-06-20 02:48:38,True,member
415,1525261429,user_61429,Anna Garcia,2023-12-11 15:33:13,2025-07-14 13:08:57,True,member
416,2227242769,user_42769,Maria Garcia,2025-09-26 08:57:06,2025-10-19 12:40:55,True,member
417,3296179520,user_79520,Dmitry Davis,2024-09-08 00:33:18,2025-11-19 19:13:45,True,member
418,8539902429,user_02429,Alex Davis,2025-08-24 04:48:00,2025-10-03 01:01:54,True,viewer
419,2757749589,user_49589,Ivan Jones,2024-11-11 12:51:21,2025-01-03 14:57:48,True,member
420,1213397348,user_97348,Alex Johnson,2023-06-22 14:24:53,2025-03-17 13:25:15,True,member
421,6930906056,user_06056,Maria Rodriguez,2024-06-01 23:39:21,2025-01-23 07:38:25,True,member
422,5245035559,user_35559,Anna Jones,2023-10-21 11:51:35,2025-01-15 09:58:35,True,member
423,9201799138,user_99138,Olga Johnson,2023-08-09 03:17:05,2025-04-07 19:44:18,True,member
424,5500986820,user_86820,Alex Martinez,2025-01-08 00:36:54,2025-10-19 02:52:50,True,viewer
425,3735170088,user_70088,Elena Rodriguez,2023-09-26 04:46:51,2023-11-22 14:34:31,True,member
426,3897329910,user_29910,Elena Miller,2024-08-30 16:07:47,2025-03-13 11:21:29,True,viewer
427,3027433278,user_33278,Anna Davis,2023-10-15 04:29:20,2024-05-15 11:09:14,True,viewer
428,6039906298,user_06298,Alex Davis,2024-01-21 06:40:21,2024-10-12 11:37:54,True,member
429,3877501138,user_01138,Maria Martinez,2025-10-26 09:04:29,2025-12-08 01:46:21,True,viewer
430,9692389779,user_89779,Maria Smith,2024-07-14 09:25:21,2025-06-22 23:55:51,True,member
431,7997318642,user_18642,Alex Garcia,2024-02-03 05:18:42,2024-09-27 15:27:31,True,member
432,7297324590,user_24590,Maria Miller,2023-07-25 11:21:34,2024-11-28 02:53:45,True,member
433,5010114477,user_14477,Anna Jones,2024-04-29 13:59:29,2025-05-14 08:49:53,True,viewer
434,3449001822,user_01822,Elena Rodriguez,2024-04-25 04:14:00,2024-08-31 21:46:34,True,member
435,8181265370,user_65370,Alex Williams,2023-06-01 13:13:18,2025-04-04 06:41:35,True,member
436,1158941583,user_41583,Alex Smith,2023-08-17 13:13:56,2025-12-06 13:59:41,True,member
437,5981809796,user_09796,Dmitry Smith,2023-04-11 22:58:49,2023-10-19 17:22:22,True,member
438,5050658890,user_58890,Olga Rodriguez,2024-05-22 05:05:20,2025-09-05 10:21:21,True,manager
439,3932747512,user_47512,Anna Jones,2024-08-25 00:46:44,2025-03-02 10:30:54,True,member
440,3487717347,user_17347,Dmitry Jones,2023-02-24 19:36:27,2025-11-17 21:05:14,True,viewer
441,6078355093,user_55093,Tatiana Garcia,2025-11-27 21:46:51,2025-12-05 03:11:49,True,member
442,2213242471,user_42471,Anna Rodriguez,2025-10-02 14:22:24,2025-10-11 05:22:40,True,member
443,9640162607,user_62607,Sergey Smith,2023-10-26 12:53:56,2025-05-18 23:08:02,True,manager
444,4438459838,user_59838,Ivan Martinez,2025-01-04 11:10:32,2025-07-26 04:49:19,True,member
445,8521472554,user_72554,Dmitry Martinez,2024-05-28 20:13:54,2024-12-01 18:08:06,True,member
446,6797085449,user_85449,Nikita Smith,2023-09-19 02:32:08,2024-06-17 03:34:38,True,member
447,9036550381,user_50381,Tatiana Jones,2024-09-15 13:41:04,2025-05-30 16:00:36,True,member
448,9959515941,user_15941,Nikita Davis,2024-07-31 18:15:58,2024-10-17 01:27:34,True,member
449,8917474299,user_74299,Olga Brown,2023-07-26 04:35:58,2024-05-24 02:18:46,True,member
450,6260843908,user_43908,Olga Miller,2024-11-30 22:16:10,2025-09-21 12:39:30,True,member
451,2934850812,user_50812,Tatiana Rodriguez,2024-06-20 13:41:00,2024-08-14 19:12:43,True,member
452,4194386059,user_86059,Sergey Williams,2025-12-09 04:58:29,2025-12-09 11:53:37,True,member
453,6556035177,user_35177,Anna Johnson,2024-07-12 14:44:52,2025-02-19 23:25:39,True,member
454,8386446122,user_46122,Tatiana Garcia,2025-08-02 09:45:46,2025-11-28 10:33:30,True,member
455,2916391885,user_91885,Nikita Rodriguez,2024-11-06 23:51:48,2025-05-20 03:45:58,True,member
456,2962186626,user_86626,Alex Williams,2024-09-03 16:35:17,2025-01-13 08:13:55,True,member
457,1296417972,user_17972,Sergey Johnson,2024-02-03 02:51:37,2024-03-21 09:28:27,True,viewer
458,5971265418,user_65418,Sergey Williams,2024-08-10 14:05:59,2024-11-12 03:54:57,True,manager
459,7475937952,user_37952,Sergey Jones,2024-12-10 17:04:11,2025-01-24 22:37:58,True,viewer
460,3455933543,user_33543,Olga Miller,2025-02-05 22:16:52,2025-04-11 07:10:30,True,manager
461,3285570925,user_70925,Dmitry Williams,2024-01-06 10:45:29,2024-01-30 19:59:57,True,viewer
462,2448228033,user_28033,Maria Miller,2024-03-07 00:57:01,2024-04-20 22:08:51,True,manager
463,9197095362,user_95362,Ivan Martinez,2024-06-02 06:59:52,2025-05-25 14:52:41,True,member
464,1219529151,user_29151,Alex Davis,2024-05-11 03:17:18,2025-11-02 06:19:54,True,member
465,6131181386,user_81386,Elena Williams,2023-09-03 08:31:29,2023-10-14 09:31:10,True,member
466,2403217805,user_17805,Alex Smith,2025-08-05 12:53:27,2025-08-21 19:56:26,True,member
467,2567062323,user_62323,Alex Jones,2023-07-02 17:35:16,2024-06-29 18:18:18,True,viewer
468,5464670836,user_70836,Maria Garcia,2024-12-02 08:00:06,2025-09-03 10:45:22,True,member
469,5669923614,user_23614,Anna Williams,2025-03-15 03:00:25,2025-05-21 03:11:04,True,manager
470,4371072953,user_72953,Dmitry Miller,2024-09-10 13:12:38,2024-09-17 16:59:54,True,member
471,9790017989,user_17989,Sergey Rodriguez,2025-05-24 20:49:46,2025-12-08 09:22:18,True,member
472,8740339261,user_39261,Tatiana Davis,2025-11-01 02:06:07,2025-11-29 16:13:39,True,member
473,6315032734,user_32734,Elena Garcia,2023-02-07 15:59:32,2025-04-13 09:35:29,True,member
474,1908948993,user_48993,Dmitry Martinez,2023-09-15 13:14:11,2025-01-08 09:19:00,True,member
475,2585702383,user_02383,Maria Johnson,2024-12-04 01:26:57,2024-12-06 15:52:50,True,viewer
476,6574133943,user_33943,Sergey Williams,2023-02-17 21:13:13,2024-01-05 12:17:34,True,member
477,9423929061,user_29061,Maria Smith,2025-10-27 22:02:18,2025-12-08 02:55:27,True,member
478,6552219618,user_19618,Elena Martinez,2023-07-24 06:04:31,2023-10-30 11:54:40,True,member
479,1013697600,user_97600,Sergey Rodriguez,2023-09-01 00:22:59,2024-11-23 13:58:02,True,member
480,2053265535,user_65535,Elena Martinez,2025-10-21 09:46:40,2025-11-21 13:43:52,True,viewer
481,2940904922,user_04922,Ivan Davis,2024-01-17 03:51:39,2025-12-04 11:10:30,True,viewer
482,4268192798,user_92798,Sergey Brown,2023-07-25 06:01:39,2025-12-08 10:56:58,True,member
483,7470491338,user_91338,Ivan Smith,2024-08-24 07:57:29,2025-05-11 17:50:39,True,viewer
484,4227829962,user_29962,Tatiana Martinez,2025-01-27 15:51:51,2025-06-05 22:49:42,True,member
485,1046527941,user_27941,Anna Johnson,2023-01-27 10:30:30,2024-12-01 06:32:12,True,member
486,4921539850,user_39850,Nikita Smith,2023-06-23 23:21:15,2025-02-22 01:49:41,True,viewer
487,4119513696,user_13696,Olga Brown,2025-01-02 14:50:21,2025-05-26 01:43:33,True,member
488,4743114649,user_14649,Tatiana Martinez,2023-08-23 18:06:39,2024-02-23 23:12:47,True,member
489,7835866551,user_66551,Dmitry Brown,2025-06-17 21:53:53,2025-08-23 10:21:42,True,member
490,5438536271,user_36271,Alex Miller,2025-08-26 03:07:03,2025-11-21 13:28:22,True,member
491,1569983650,user_83650,Dmitry Martinez,2025-02-13 08:32:01,2025-08-25 21:46:20,True,member
492,8723157549,user_57549,Elena Rodriguez,2025-06-16 12:14:28,2025-09-22 05:13:04,True,member
493,6382341444,user_41444,Tatiana Williams,2025-07-07 07:15:13,2025-09-15 12:54:19,True,member
494,5346152780,user_52780,Sergey Martinez,2023-11-17 17:14:22,2024-12-27 05:28:25,True,member
495,2573648417,user_48417,Maria Johnson,2023-09-27 04:28:44,2025-08-22 01:24:08,True,member
496,6267793432,user_93432,Anna Rodriguez,2025-11-17 14:23:58,2025-12-06 04:05:07,True,member
497,1746856233,user_56233,Ivan Brown,2025-03-16 21:53:01,2025-12-03 12:02:17,True,viewer
498,3477688936,user_88936,Tatiana Garcia,2023-06-04 00:06:59,2024-12-13 04:26:31,True,member
499,9442746540,user_46540,Anna Johnson,2024-08-17 08:01:52,2025-03-05 20:56:51,True,manager
500,4453539093,user_39093,Dmitry Jones,2024-07-31 17:53:21,2025-09-11 19:55:35,True,member
501,9890834078,user_34078,Anna Davis,2024-04-12 00:59:03,2025-11-04 16:43:39,True,member
502,6039867603,user_67603,Sergey Garcia,2024-06-24 15:17:09,2024-12-02 01:32:43,True,member
503,4178270039,user_70039,Olga Garcia,2025-12-01 04:32:02,2025-12-05 21:00:05,True,member
504,7421597032,user_97032,Nikita Williams,2024-07-18 00:36:51,2025-08-31 15:35:29,True,member
505,1750590829,user_90829,Ivan Rodriguez,2024-11-20 09:44:52,2025-08-08 00:11:57,True,member
506,8896356462,user_56462,Sergey Martinez,2025-04-19 20:16:46,2025-07-09 23:48:34,True,member
507,4116146163,user_46163,Elena Davis,2025-10-11 07:08:43,2025-11-17 19:29:58,True,viewer
508,1948074527,user_74527,Tatiana Rodriguez,2024-03-27 14:31:35,2024-08-17 23:24:25,True,member
509,5088108689,user_08689,Anna Williams,2025-08-23 02:33:15,2025-08-29 01:18:20,True,member
510,6374070500,user_70500,Tatiana Martinez,2024-04-30 10:16:37,2024-06-20 01:37:49,True,viewer
511,7651946225,user_46225,Elena Rodriguez,2025-02-28 10:32:55,2025-05-23 05:24:40,True,member
512,7114345465,user_45465,Elena Garcia,2023-12-15 03:43:39,2024-02-24 05:52:06,True,viewer
513,5850616468,user_16468,Dmitry Jones,2025-07-12 20:58:51,2025-11-07 08:50:58,True,member
514,7077912293,user_12293,Ivan Williams,2024-06-03 23:18:54,2024-12-24 06:38:46,True,member
515,9843747503,user_47503,Alex Rodriguez,2023-04-21 10:19:24,2025-07-10 20:34:50,True,viewer
516,3955784703,user_84703,Tatiana Jones,2024-02-08 00:23:01,2025-10-10 17:31:22,True,manager
517,7389070080,user_70080,Tatiana Martinez,2023-08-01 04:18:15,2023-11-07 18:00:45,True,viewer
518,5568877217,user_77217,Anna Johnson,2023-05-18 23:02:49,2024-09-25 23:15:39,True,member
519,6736338600,user_38600,Tatiana Johnson,2025-05-05 22:03:33,2025-08-20 04:50:49,True,member
520,3853910912,user_10912,Tatiana Garcia,2023-06-16 23:18:05,2025-07-14 13:28:14,True,manager
521,7793331626,user_31626,Tatiana Garcia,2024-12-09 01:35:54,2025-03-22 10:17:31,True,viewer
522,3294036230,user_36230,Nikita Brown,2024-11-21 16:16:35,2025-11-06 17:20:20,True,viewer
523,3609154722,user_54722,Tatiana Jones,2024-03-15 11:44:48,2025-04-30 21:09:40,True,viewer
524,4001622888,user_22888,Olga Johnson,2025-10-22 04:06:43,2025-12-06 20:57:12,True,viewer
525,8114371229,user_71229,Maria Brown,2024-08-07 00:40:00,2024-11-20 07:17:33,True,member
526,7338623723,user_23723,Alex Davis,2023-01-07 10:58:36,2025-01-04 02:40:20,True,manager
527,6971230029,user_30029,Elena Brown,2025-07-31 12:33:53,2025-09-06 20:59:12,True,member
528,4332728760,user_28760,Tatiana Miller,2025-04-08 23:11:08,2025-08-16 05:19:36,True,member
529,8535497163,user_97163,Nikita Garcia,2025-06-12 06:42:20,2025-11-07 10:14:09,True,member
530,9242208584,user_08584,Dmitry Jones,2023-04-09 02:59:45,2023-06-19 06:53:15,True,member
531,1640415789,user_15789,Dmitry Brown,2024-12-23 16:50:11,2025-08-25 20:46:21,True,member
532,7528911981,user_11981,Nikita Johnson,2024-02-28 10:21:26,2024-03-30 05:00:35,True,member
533,7977950541,user_50541,Tatiana Jones,2024-03-03 03:00:48,2024-05-18 12:55:35,True,member
534,9596145578,user_45578,Anna Davis,2023-11-30 15:03:57,2025-05-08 06:38:22,True,member
535,6264792016,user_92016,Nikita Brown,2024-09-25 12:27:11,2025-02-22 02:22:58,True,member
536,3853347212,user_47212,Olga Johnson,2024-02-06 08:05:58,2025-02-07 11:56:22,True,viewer
537,4729885066,user_85066,Elena Brown,2024-12-05 01:19:17,2025-08-06 20:51:42,True,member
538,8483513229,user_13229,Sergey Williams,2024-01-17 02:28:09,2025-07-23 03:50:12,True,viewer
539,3567583887,user_83887,Maria Johnson,2025-09-09 00:03:41,2025-11-03 17:22:39,True,member
540,3295039776,user_39776,Sergey Smith,2023-12-11 12:02:23,2024-11-13 11:14:41,True,member
541,6734491930,user_91930,Olga Davis,2023-02-17 19:46:21,2025-02-10 02:36:33,True,member
542,7813140450,user_40450,Alex Smith,2024-10-16 22:57:05,2025-02-14 01:59:59,True,member
543,2739488453,user_88453,Sergey Williams,2023-06-16 23:39:11,2023-10-20 14:58:25,True,viewer
544,1341730835,user_30835,Dmitry Miller,2025-09-13 03:55:45,2025-11-08 08:32:43,True,viewer
545,5076271718,user_71718,Elena Davis,2024-12-09 05:43:05,2025-04-19 17:56:15,True,member
546,9186991528,user_91528,Olga Johnson,2023-06-12 14:30:48,2023-12-31 04:08:26,True,manager
547,4569263676,user_63676,Maria Miller,2023-07-01 03:10:03,2024-10-26 15:46:15,True,member
548,5724866237,user_66237,Elena Brown,2025-08-16 21:13:53,2025-10-11 03:17:57,True,viewer
549,5959190972,user_90972,Dmitry Garcia,2025-11-01 02:40:20,2025-11-03 07:08:36,True,member
550,4144903800,user_03800,Anna Miller,2024-08-20 10:01:22,2024-08-29 18:19:31,True,viewer
551,5035402135,user_02135,Tatiana Smith,2023-08-22 18:10:54,2025-01-08 04:44:55,True,viewer
552,1526466955,user_66955,Anna Davis,2024-02-12 22:38:09,2025-07-04 14:01:14,True,member
553,9772371540,user_71540,Maria Williams,2023-03-30 20:00:08,2025-05-03 21:01:26,True,member
554,1459600352,user_00352,Dmitry Brown,2025-03-30 16:22:37,2025-06-01 20:51:23,True,member
555,6012764808,user_64808,Sergey Garcia,2023-07-11 11:52:44,2023-11-23 21:38:02,True,viewer
556,1066742592,user_42592,Elena Miller,2023-04-06 03:26:42,2024-05-05 19:17:11,True,member
557,6637601309,user_01309,Alex Johnson,2024-06-28 21:25:23,2024-12-15 21:09:57,True,member
558,3185371582,user_71582,Elena Martinez,2023-07-26 12:21:57,2024-02-29 21:03:52,True,member
559,5517559126,user_59126,Elena Williams,2024-04-08 07:29:16,2025-03-12 15:09:41,True,member
560,5812065093,user_65093,Sergey Rodriguez,2023-11-07 01:40:14,2025-10-27 05:00:19,True,member
561,6880068728,user_68728,Dmitry Garcia,2023-07-29 22:33:16,2024-03-19 00:39:18,True,member
562,1588117511,user_17511,Elena Miller,2023-06-23 20:35:22,2025-07-16 04:34:45,True,viewer
563,6856328930,user_28930,Dmitry Martinez,2025-02-26 04:52:27,2025-05-12 21:29:08,True,member
564,2504033201,user_33201,Dmitry Miller,2024-02-22 13:41:03,2025-04-09 21:22:12,True,manager
565,6515199901,user_99901,Nikita Brown,2025-07-13 06:51:28,2025-09-20 04:11:24,True,member
566,8269148223,user_48223,Alex Martinez,2023-08-03 13:17:20,2025-10-30 12:23:28,True,admin
567,2851665988,user_65988,Nikita Miller,2025-03-22 23:13:59,2025-09-25 06:15:27,True,member
568,3056615961,user_15961,Olga Miller,2023-09-17 07:11:18,2024-04-19 18:41:49,True,member
569,1411166595,user_66595,Alex Martinez,2023-08-08 17:53:22,2024-02-15 02:23:33,True,viewer
570,3090698857,user_98857,Nikita Rodriguez,2024-08-24 10:33:01,2025-05-05 06:20:00,True,viewer
571,6639664591,user_64591,Alex Martinez,2023-11-12 04:45:38,2024-05-07 12:20:52,True,member
572,3386907063,user_07063,Nikita Jones,2023-09-26 01:01:17,2024-04-09 14:13:45,True,member
573,6239681008,user_81008,Nikita Martinez,2023-11-06 07:54:43,2025-07-10 08:20:57,True,member
574,7850571461,user_71461,Ivan Martinez,2025-03-13 23:02:49,2025-07-22 21:15:52,True,viewer
575,4931366850,user_66850,Elena Jones,2023-03-31 09:44:54,2024-01-05 14:20:58,True,member
576,7285490204,user_90204,Ivan Martinez,2023-10-05 15:55:43,2023-12-11 01:48:52,True,member
577,2536117433,user_17433,Sergey Rodriguez,2024-07-27 21:49:12,2024-08-19 23:42:15,True,member
578,5802767279,user_67279,Nikita Garcia,2024-11-09 07:39:46,2025-02-12 13:01:20,True,member
579,5097549804,user_49804,Alex Rodriguez,2024-01-20 07:20:35,2024-12-09 21:00:38,True,manager
580,2402621140,user_21140,Tatiana Garcia,2023-12-23 01:39:44,2025-09-09 11:02:45,True,member
581,3041598657,user_98657,Ivan Rodriguez,2024-09-12 18:40:08,2025-10-26 02:24:15,True,viewer
582,3023395846,user_95846,Anna Johnson,2023-10-02 00:32:11,2023-12-21 08:10:17,True,viewer
583,8761026888,user_26888,Maria Miller,2025-10-09 00:24:31,2025-10-12 05:56:08,True,viewer
584,2570910563,user_10563,Olga Smith,2024-02-26 05:13:32,2025-09-06 10:29:35,True,viewer
585,9030378655,user_78655,Sergey Davis,2023-03-24 11:33:44,2024-03-27 12:04:00,True,viewer
586,3310374834,user_74834,Elena Miller,2023-11-14 22:36:43,2025-08-01 01:11:25,True,member
587,6092835573,user_35573,Maria Davis,2025-08-01 00:55:59,2025-11-06 03:02:34,True,member
588,6203925894,user_25894,Olga Garcia,2024-01-20 10:54:34,2024-09-11 00:05:38,True,member
589,5271348696,user_48696,Anna Miller,2024-08-29 15:20:34,2025-07-09 01:22:51,True,member
590,1836519536,user_19536,Maria Brown,2024-11-12 04:39:55,2025-04-14 20:33:40,True,member
591,7025234897,user_34897,Maria Davis,2025-01-15 20:44:13,2025-11-30 05:25:49,True,member
592,3750636903,user_36903,Alex Miller,2023-02-23 13:45:19,2024-09-28 01:17:08,True,member
593,4308660090,user_60090,Dmitry Jones,2024-04-29 06:57:24,2025-09-08 09:01:48,True,member
594,4604723835,user_23835,Alex Johnson,2023-07-17 15:12:54,2023-11-23 15:08:41,True,member
595,5922600420,user_00420,Alex Jones,2025-08-20 00:00:38,2025-11-05 21:10:31,True,viewer
596,2996880786,user_80786,Elena Martinez,2025-05-01 16:30:39,2025-09-10 02:34:05,True,member
597,4799925460,user_25460,Sergey Davis,2025-04-21 02:48:46,2025-10-30 20:53:12,True,member
598,3441082821,user_82821,Sergey Martinez,2023-10-28 10:11:09,2024-01-06 12:13:12,True,member
599,6432714033,user_14033,Dmitry Garcia,2023-02-13 10:02:45,2023-06-23 10:39:59,True,member
600,9457236841,user_36841,Elena Miller,2025-08-01 22:30:02,2025-11-28 11:28:49,True,member
601,5224545018,user_45018,Elena Williams,2023-07-06 15:19:32,2025-04-21 08:26:54,True,member
602,1293807270,user_07270,Ivan Rodriguez,2025-09-29 11:44:25,2025-11-10 14:37:59,True,member
603,1646819381,user_19381,Ivan Johnson,2024-07-24 12:34:14,2025-03-07 07:52:35,True,member
604,1254831584,user_31584,Olga Jones,2025-05-30 03:23:22,2025-07-01 15:38:29,True,viewer
605,2592943162,user_43162,Dmitry Rodriguez,2023-11-30 12:34:38,2024-02-06 02:12:18,True,member
606,1188411045,user_11045,Olga Garcia,2024-06-21 13:00:53,2025-01-10 18:13:00,True,member
607,2597573950,user_73950,Ivan Brown,2023-09-13 16:08:42,2023-10-18 20:44:58,True,viewer
608,5799883073,user_83073,Anna Smith,2025-03-12 09:29:04,2025-05-24 17:52:52,True,member
609,2493655260,user_55260,Olga Rodriguez,2023-10-24 08:42:48,2025-07-16 01:11:28,True,viewer
610,3778997333,user_97333,Anna Brown,2024-04-02 02:40:51,2025-10-11 15:33:45,True,member
611,4735428871,user_28871,Ivan Miller,2024-03-03 03:23:22,2024-04-29 00:19:42,True,member
612,8679247723,user_47723,Sergey Garcia,2023-09-18 05:18:15,2024-10-16 12:19:19,True,member
613,8955807024,user_07024,Ivan Johnson,2025-04-09 21:52:20,2025-05-08 03:01:51,True,viewer
614,2622543414,user_43414,Olga Smith,2025-04-03 07:28:38,2025-11-05 23:31:51,True,member
615,8741637614,user_37614,Ivan Rodriguez,2025-10-18 04:02:07,2025-10-20 05:50:04,True,member
616,4076068600,user_68600,Olga Miller,2024-07-30 09:22:38,2024-12-15 18:24:00,True,viewer
617,2905919498,user_19498,Anna Miller,2025-06-06 01:54:25,2025-11-28 00:21:50,True,manager
618,1626575613,user_75613,Olga Davis,2025-06-19 02:44:23,2025-09-29 07:26:16,True,member
619,2268735291,user_35291,Alex Garcia,2025-02-17 00:38:19,2025-08-26 09:08:50,True,member
620,5006232793,user_32793,Elena Smith,2023-12-20 04:31:35,2024-08-19 03:16:54,True,member
621,5478821928,user_21928,Maria Martinez,2025-04-11 10:09:05,2025-09-15 05:30:05,True,viewer
622,5256715001,user_15001,Alex Johnson,2025-06-18 16:05:37,2025-10-02 14:49:47,True,manager
623,1558897204,user_97204,Sergey Martinez,2024-08-16 18:34:10,2025-05-11 22:37:53,True,member
624,8110952775,user_52775,Tatiana Smith,2024-12-17 03:07:28,2025-01-12 13:16:56,True,viewer
625,5929104031,user_04031,Olga Williams,2023-03-05 04:26:04,2025-06-15 01:31:57,True,member
626,2791356830,user_56830,Alex Smith,2023-02-18 03:47:05,2024-09-29 18:21:18,True,member
627,7500531485,user_31485,Ivan Miller,2025-01-24 16:42:31,2025-02-04 10:42:08,True,member
628,6246317538,user_17538,Nikita Smith,2024-05-11 10:03:28,2025-09-28 17:00:22,True,member
629,3731080259,user_80259,Elena Smith,2023-06-05 05:50:34,2024-05-06 23:20:10,True,viewer
630,9755907625,user_07625,Elena Rodriguez,2025-01-15 14:32:27,2025-09-29 18:30:19,True,member
631,8912397253,user_97253,Maria Brown,2024-07-02 11:58:01,2025-08-15 19:22:25,True,member
632,7152597024,user_97024,Nikita Davis,2023-10-29 05:44:19,2024-11-14 11:33:12,True,member
633,8786037465,user_37465,Olga Smith,2023-09-30 12:34:24,2025-03-01 15:20:25,True,member
634,5044281363,user_81363,Dmitry Miller,2024-09-22 09:37:44,2024-10-09 08:49:22,True,member
635,4831715248,user_15248,Elena Miller,2024-06-17 08:41:15,2025-06-19 23:42:27,True,member
636,2874526911,user_26911,Olga Garcia,2024-04-30 08:08:02,2024-05-07 12:40:00,True,member
637,6831982949,user_82949,Tatiana Williams,2025-11-15 19:32:22,2025-11-22 08:56:26,True,member
638,8717507493,user_07493,Maria Davis,2023-01-22 20:59:29,2025-06-16 11:57:42,True,viewer
639,4254470933,user_70933,Alex Garcia,2023-02-22 21:06:12,2025-07-02 08:54:32,True,member
640,4897272075,user_72075,Sergey Smith,2025-07-19 11:51:34,2025-09-25 06:46:43,True,member
641,8042563028,user_63028,Ivan Jones,2023-10-06 09:39:26,2024-10-10 17:01:43,True,viewer
642,4120664272,user_64272,Anna Jones,2023-11-04 14:57:41,2024-05-01 05:36:25,True,viewer
643,5749878976,user_78976,Ivan Williams,2025-11-12 10:27:38,2025-11-30 04:30:08,True,viewer
644,4406967824,user_67824,Dmitry Smith,2025-01-24 04:26:20,2025-09-14 15:12:08,True,admin
645,5553053539,user_53539,Nikita Jones,2023-06-18 16:23:29,2024-03-21 18:52:43,True,member
646,6532943952,user_43952,Dmitry Martinez,2024-12-22 20:45:54,2025-06-07 07:02:55,True,member
647,6049092412,user_92412,Dmitry Williams,2024-12-15 13:27:47,2025-03-07 19:12:21,True,manager
648,6918734868,user_34868,Nikita Rodriguez,2023-04-23 02:04:43,2025-08-31 23:14:14,True,admin
649,7859549625,user_49625,Maria Rodriguez,2023-11-14 20:50:31,2024-09-28 03:16:51,True,member
650,3600768719,user_68719,Sergey Johnson,2025-05-29 22:35:44,2025-06-02 09:21:20,True,member
651,9525639387,user_39387,Anna Miller,2024-11-27 02:30:39,2025-10-21 18:10:32,True,manager
652,2806645358,user_45358,Anna Martinez,2025-06-05 20:26:55,2025-10-04 06:14:57,True,member
653,7044341963,user_41963,Sergey Garcia,2023-11-27 15:28:20,2024-02-10 06:13:54,True,viewer
654,6403117675,user_17675,Alex Rodriguez,2023-03-31 17:55:16,2025-03-15 01:26:32,True,manager
655,7572164506,user_64506,Nikita Martinez,2025-10-06 13:17:29,2025-12-08 21:06:27,True,member
656,8414598420,user_98420,Tatiana Johnson,2023-01-15 21:33:51,2023-06-07 07:15:06,True,viewer
657,5779408472,user_08472,Ivan Martinez,2025-05-13 12:10:24,2025-11-15 21:43:18,True,member
658,9564250490,user_50490,Dmitry Smith,2025-02-27 00:28:32,2025-05-15 20:47:44,True,manager
659,9010513362,user_13362,Dmitry Garcia,2023-02-11 14:42:37,2024-06-22 18:03:01,True,member
660,4523130969,user_30969,Elena Miller,2025-11-19 02:27:49,2025-11-21 11:07:21,True,member
661,1530364464,user_64464,Anna Williams,2023-01-31 16:11:44,2025-12-02 20:08:18,True,member
662,7059903271,user_03271,Anna Garcia,2023-10-03 02:52:52,2024-09-14 07:25:12,True,viewer
663,7038919571,user_19571,Ivan Davis,2024-09-18 21:51:42,2024-11-06 19:58:11,True,member
664,1569586152,user_86152,Olga Garcia,2024-10-08 15:27:00,2025-07-29 03:07:54,True,member
665,3545558288,user_58288,Olga Johnson,2024-06-07 18:29:42,2025-01-14 16:30:01,True,viewer
666,5920012164,user_12164,Tatiana Rodriguez,2023-04-06 06:30:59,2023-07-31 11:11:03,True,member
667,2389142713,user_42713,Tatiana Rodriguez,2023-04-03 08:35:51,2024-11-04 02:51:46,True,member
668,3204579245,user_79245,Dmitry Martinez,2023-12-27 06:13:31,2025-02-26 02:56:30,True,member
669,9060426133,user_26133,Elena Williams,2023-09-04 02:11:19,2025-10-09 05:54:43,True,viewer
670,2093158947,user_58947,Dmitry Jones,2024-08-22 11:30:07,2024-10-19 16:09:03,True,member
671,9279842999,user_42999,Anna Davis,2024-10-08 19:04:32,2024-11-10 11:18:40,True,member
672,1776254075,user_54075,Olga Jones,2023-05-12 11:12:06,2023-12-08 20:24:30,True,member
673,9491622498,user_22498,Ivan Smith,2025-01-17 14:02:24,2025-03-18 07:17:56,True,member
674,9428663311,user_63311,Tatiana Martinez,2023-01-19 23:48:35,2024-04-25 11:57:06,True,member
675,8461424596,user_24596,Ivan Martinez,2025-07-25 11:53:09,2025-10-05 10:39:53,True,member
676,9638405664,user_05664,Dmitry Johnson,2023-10-08 14:39:50,2024-02-05 22:56:57,True,member
677,4039841133,user_41133,Elena Garcia,2025-08-09 05:18:05,2025-10-14 06:50:18,True,member
678,7197892985,user_92985,Alex Martinez,2025-11-18 13:13:28,2025-12-03 09:55:09,True,member
679,3461041276,user_41276,Dmitry Davis,2024-03-12 17:19:43,2025-02-11 22:33:01,True,member
680,9410068915,user_68915,Olga Rodriguez,2023-09-14 23:09:58,2025-11-16 03:45:57,True,member
681,7014118221,user_18221,Nikita Garcia,2025-06-03 05:44:03,2025-07-03 12:46:47,True,viewer
682,2178052626,user_52626,Tatiana Davis,2024-08-11 23:37:23,2025-09-19 15:08:26,True,member
683,4095019794,user_19794,Olga Johnson,2025-07-09 15:46:56,2025-12-01 23:11:19,True,viewer
684,5699141459,user_41459,Nikita Rodriguez,2024-03-13 12:25:20,2024-07-23 16:46:25,True,viewer
685,7503525433,user_25433,Olga Smith,2025-04-01 11:15:26,2025-07-04 04:20:51,True,member
686,1692208478,user_08478,Ivan Garcia,2025-05-28 11:03:07,2025-09-13 07:50:17,True,member
687,1739095117,user_95117,Maria Williams,2024-07-11 12:40:29,2025-05-31 20:14:13,True,member
688,3091308007,user_08007,Anna Rodriguez,2025-05-06 02:00:36,2025-11-16 09:54:39,True,manager
689,4387507097,user_07097,Alex Johnson,2023-10-02 20:10:15,2024-03-31 07:46:21,True,member
690,9210560768,user_60768,Sergey Brown,2024-07-02 11:16:21,2025-09-25 21:03:24,True,manager
691,9877174168,user_74168,Olga Miller,2023-11-02 12:41:08,2024-12-01 10:10:39,True,member
692,8388057595,user_57595,Olga Davis,2023-01-22 23:42:43,2025-01-31 19:43:48,True,member
693,5874724049,user_24049,Nikita Martinez,2023-09-22 09:49:14,2025-01-24 19:18:30,True,member
694,4004104528,user_04528,Alex Smith,2023-09-11 07:58:46,2024-11-03 16:13:09,True,member
695,9265600609,user_00609,Dmitry Garcia,2024-11-11 05:46:51,2025-09-05 01:48:56,True,member
696,1713293108,user_93108,Alex Smith,2025-08-26 15:27:09,2025-11-08 10:19:55,True,member
697,9347246452,user_46452,Dmitry Jones,2023-06-15 07:25:02,2024-08-28 18:11:42,True,manager
698,6733999399,user_99399,Sergey Brown,2023-01-27 09:44:34,2023-05-29 20:37:16,True,member
699,9113754935,user_54935,Ivan Garcia,2025-10-15 14:48:49,2025-11-18 14:27:38,True,member
700,4581733410,user_33410,Olga Garcia,2025-09-24 18:13:28,2025-11-25 09:23:05,True,manager
701,3975321251,user_21251,Sergey Williams,2023-09-27 22:47:43,2023-11-07 21:30:00,True,member
702,8662589716,user_89716,Maria Rodriguez,2024-03-10 18:51:17,2025-08-24 04:28:53,True,member
703,3794459326,user_59326,Elena Jones,2024-08-07 19:50:10,2024-10-01 11:30:45,True,manager
704,9576054485,user_54485,Elena Brown,2024-11-02 22:37:41,2024-12-02 20:14:00,True,member
705,6676368989,user_68989,Dmitry Davis,2023-08-24 03:10:23,2025-08-08 07:02:23,True,member
706,5915387671,user_87671,Dmitry Rodriguez,2023-09-06 12:25:02,2025-07-09 23:55:11,True,viewer
707,4561921199,user_21199,Sergey Rodriguez,2024-11-24 04:07:15,2025-06-16 18:12:19,True,member
708,8534399206,user_99206,Olga Rodriguez,2024-04-17 00:52:06,2025-10-27 11:48:54,True,member
709,6738399951,user_99951,Nikita Johnson,2023-10-14 15:46:15,2025-10-02 05:13:54,True,member
710,4938883512,user_83512,Alex Rodriguez,2023-09-18 04:05:43,2024-10-22 15:53:12,True,viewer
711,3596395706,user_95706,Elena Jones,2025-06-02 02:10:19,2025-07-04 03:11:56,True,member
712,4870686259,user_86259,Anna Brown,2025-04-25 01:58:07,2025-11-02 00:39:15,True,admin
713,8502115256,user_15256,Tatiana Smith,2024-12-27 14:44:55,2025-03-11 05:04:02,True,member
714,3566567426,user_67426,Sergey Martinez,2024-10-01 17:29:17,2025-07-05 04:16:47,True,viewer
715,3895766750,user_66750,Tatiana Davis,2023-06-04 09:35:48,2025-04-18 13:17:01,True,viewer
716,9430277077,user_77077,Maria Smith,2025-07-16 22:58:54,2025-11-08 22:48:10,True,viewer
717,7133740134,user_40134,Anna Smith,2023-11-04 00:52:32,2024-04-09 18:33:27,True,member
718,1788141902,user_41902,Anna Johnson,2025-01-13 16:04:18,2025-06-11 20:04:38,True,member
719,5366142397,user_42397,Tatiana Williams,2023-02-27 06:24:27,2024-02-28 13:55:39,True,member
720,8392256196,user_56196,Nikita Brown,2024-04-11 11:51:57,2024-04-29 09:09:14,True,manager
721,3243763959,user_63959,Tatiana Garcia,2023-01-26 23:28:05,2025-04-14 22:31:25,True,viewer
722,2569071698,user_71698,Nikita Martinez,2023-01-22 05:56:32,2024-05-20 22:23:48,True,member
723,3329119229,user_19229,Ivan Garcia,2024-11-20 21:40:49,2025-05-25 14:16:03,True,manager
724,3556827517,user_27517,Maria Williams,2024-06-08 19:23:35,2025-05-25 00:47:58,True,viewer
725,9884755367,user_55367,Sergey Brown,2023-01-21 23:40:19,2023-07-29 17:38:31,True,member
726,5482855356,user_55356,Anna Garcia,2023-01-02 02:07:17,2024-08-24 11:57:10,True,viewer
727,8302565007,user_65007,Dmitry Miller,2024-09-11 21:49:38,2024-09-27 04:37:30,True,member
728,6083842900,user_42900,Alex Davis,2023-08-07 14:10:08,2024-10-24 22:51:22,True,member
729,4231835734,user_35734,Sergey Davis,2024-09-08 07:01:10,2025-09-07 03:11:41,True,manager
730,5176691748,user_91748,Maria Jones,2025-01-14 10:58:49,2025-10-29 03:49:08,True,member
731,2230038164,user_38164,Sergey Johnson,2025-03-30 09:56:10,2025-11-26 06:29:11,True,member
732,8979515900,user_15900,Tatiana Jones,2025-07-04 07:37:23,2025-11-20 14:24:11,True,member
733,9039071944,user_71944,Elena Rodriguez,2025-03-27 21:55:36,2025-04-29 22:07:06,True,member
734,8134551854,user_51854,Ivan Smith,2024-05-12 18:32:45,2024-11-05 16:18:23,True,viewer
735,6929604846,user_04846,Maria Martinez,2025-01-31 19:31:08,2025-10-20 22:39:49,True,member
736,1998139344,user_39344,Dmitry Jones,2024-07-09 02:44:09,2025-04-05 18:48:37,True,member
737,8482145335,user_45335,Sergey Brown,2023-01-30 02:02:14,2024-09-20 20:43:02,True,member
738,5358022172,user_22172,Nikita Garcia,2023-06-27 10:29:22,2024-08-17 05:40:41,True,member
739,8771977327,user_77327,Nikita Martinez,2024-08-02 23:49:56,2025-01-25 07:44:47,True,member
740,6281650003,user_50003,Elena Davis,2025-05-13 10:16:54,2025-08-18 02:06:11,True,member
741,7699226492,user_26492,Sergey Rodriguez,2023-09-06 02:15:44,2024-01-11 04:48:47,True,member
742,6741786331,user_86331,Tatiana Jones,2024-04-26 00:24:44,2025-03-09 14:31:55,True,viewer
743,4596532516,user_32516,Olga Martinez,2024-08-19 08:28:23,2024-10-26 02:02:04,True,member
744,1253573602,user_73602,Olga Martinez,2024-08-20 15:51:15,2025-07-30 14:12:58,True,member
745,9986440864,user_40864,Maria Rodriguez,2024-03-30 04:05:02,2025-07-28 03:32:18,True,member
746,8362389944,user_89944,Dmitry Johnson,2025-04-08 05:31:10,2025-09-11 04:59:56,True,manager
747,3321165173,user_65173,Ivan Davis,2025-03-12 13:44:22,2025-05-10 03:17:45,True,member
748,2629146809,user_46809,Elena Rodriguez,2024-05-24 07:08:23,2025-08-06 18:37:04,True,member
749,9488840598,user_40598,Maria Martinez,2025-02-03 14:27:08,2025-10-23 07:10:35,True,member
750,2440733984,user_33984,Sergey Rodriguez,2024-10-09 10:08:55,2025-01-01 16:26:28,True,member
751,2257348989,user_48989,Alex Martinez,2023-08-27 03:49:59,2025-06-03 18:27:49,True,member
752,5639918010,user_18010,Olga Johnson,2023-06-27 09:47:23,2025-09-16 11:15:20,True,member
753,2716661610,user_61610,Maria Jones,2023-08-28 19:26:11,2023-09-18 13:49:33,True,member
754,2211577492,user_77492,Dmitry Martinez,2024-03-20 09:38:32,2024-04-09 17:37:19,True,manager
755,2669329175,user_29175,Dmitry Garcia,2024-05-25 06:41:25,2025-07-17 22:45:33,True,member
756,9092120964,user_20964,Maria Williams,2023-05-15 09:09:23,2024-05-18 12:22:35,True,viewer
757,8380426318,user_26318,Sergey Williams,2024-08-25 01:40:59,2025-03-02 16:42:53,True,viewer
758,1204167032,user_67032,Anna Martinez,2023-11-17 20:31:02,2024-09-20 17:08:42,True,viewer
759,5588831775,user_31775,Ivan Brown,2025-11-10 04:40:58,2025-12-08 21:05:18,True,viewer
760,2703970235,user_70235,Maria Miller,2024-12-27 06:26:38,2025-09-22 14:24:15,True,member
761,4972801607,user_01607,Alex Garcia,2023-12-31 06:24:43,2024-11-30 02:13:49,True,member
762,5368930732,user_30732,Maria Miller,2024-03-02 23:18:16,2024-10-03 18:02:16,True,member
763,8307516454,user_16454,Nikita Rodriguez,2023-04-15 01:37:32,2024-10-24 09:17:21,True,manager
764,1077089621,user_89621,Nikita Miller,2024-02-11 10:20:27,2025-02-21 17:14:09,True,manager
765,8345109690,user_09690,Ivan Brown,2023-08-10 11:47:29,2024-08-31 14:01:57,True,member
766,3173048409,user_48409,Tatiana Rodriguez,2024-07-21 22:56:27,2025-11-18 12:05:34,True,member
767,5173970664,user_70664,Anna Garcia,2024-08-24 04:47:28,2025-10-06 22:20:03,True,member
768,2842619716,user_19716,Tatiana Smith,2023-01-27 08:58:24,2025-11-24 01:44:17,True,member
769,5672724252,user_24252,Elena Miller,2025-10-17 23:29:29,2025-11-30 11:59:22,True,manager
770,1887696586,user_96586,Nikita Davis,2023-11-29 23:56:21,2025-11-09 00:33:48,True,member
771,2022631753,user_31753,Ivan Brown,2023-02-12 08:26:45,2023-04-19 11:33:39,True,member
772,9265253664,user_53664,Ivan Jones,2025-05-06 00:06:11,2025-12-03 08:54:38,True,manager
773,6939310678,user_10678,Ivan Davis,2024-03-19 04:09:23,2024-08-08 17:06:20,True,viewer
774,9081593011,user_93011,Olga Brown,2023-10-02 22:45:41,2024-03-03 17:49:36,True,viewer
775,4203815727,user_15727,Elena Johnson,2025-09-18 20:48:06,2025-11-13 22:56:08,True,member
776,7846552005,user_52005,Alex Miller,2023-08-08 10:18:10,2023-08-30 03:59:30,True,viewer
777,6878381846,user_81846,Olga Brown,2023-05-18 10:41:35,2024-05-21 23:24:52,True,member
778,8065806076,user_06076,Anna Smith,2024-09-28 22:25:22,2025-05-18 14:47:10,True,member
779,5005758001,user_58001,Elena Jones,2024-09-08 12:17:24,2025-06-11 13:52:55,True,viewer
780,7008289544,user_89544,Ivan Williams,2023-01-28 15:25:08,2023-03-14 09:57:52,True,member
781,8804654710,user_54710,Olga Jones,2023-01-24 13:54:55,2025-09-17 11:45:05,True,member
782,8065293372,user_93372,Dmitry Martinez,2023-09-29 08:43:22,2024-09-04 10:05:04,True,member
783,4044891363,user_91363,Nikita Davis,2024-02-16 10:30:20,2025-03-04 10:41:17,True,member
784,1051413105,user_13105,Elena Johnson,2025-07-11 10:26:01,2025-10-23 13:03:56,True,member
785,5656162381,user_62381,Ivan Davis,2025-11-01 19:37:46,2025-11-12 11:47:54,True,member
786,9801680836,user_80836,Anna Martinez,2025-06-18 04:37:31,2025-09-13 05:41:07,True,member
787,6030266568,user_66568,Nikita Brown,2025-02-10 07:22:08,2025-09-27 03:58:30,True,member
788,5044562072,user_62072,Olga Martinez,2024-06-11 13:01:28,2025-10-14 21:26:43,True,member
789,1947040713,user_40713,Nikita Johnson,2023-04-29 03:35:37,2024-11-09 22:46:27,True,viewer
790,2635767910,user_67910,Nikita Brown,2024-03-21 10:31:11,2024-04-21 00:55:38,True,manager
791,1580630571,user_30571,Sergey Williams,2025-07-08 11:12:48,2025-10-18 20:44:30,True,member
792,9709995512,user_95512,Dmitry Jones,2023-09-16 08:51:16,2023-11-08 09:09:29,True,member
793,6958601696,user_01696,Alex Davis,2025-10-04 11:36:42,2025-11-25 07:08:50,True,member
794,2180728704,user_28704,Anna Smith,2025-10-05 03:24:48,2025-11-20 16:49:13,True,viewer
795,1778390472,user_90472,Anna Williams,2025-01-16 20:11:13,2025-05-01 22:49:17,True,member
796,9838234272,user_34272,Nikita Miller,2023-02-15 05:36:29,2025-10-25 11:34:18,True,member
797,7351150714,user_50714,Dmitry Garcia,2025-07-14 17:00:40,2025-08-17 04:09:03,True,member
798,9322558732,user_58732,Maria Davis,2023-09-01 11:22:11,2024-10-20 18:06:33,True,viewer
799,7065725355,user_25355,Elena Davis,2023-11-15 01:05:16,2024-09-08 06:51:03,True,member
800,9171139847,user_39847,Olga Johnson,2023-07-23 19:34:28,2024-03-27 07:32:02,True,member
801,9942586177,user_86177,Sergey Brown,2025-05-16 06:36:34,2025-09-16 09:28:26,True,member
802,7413113310,user_13310,Sergey Brown,2025-09-28 11:14:16,2025-12-05 06:26:56,True,member
803,6415380648,user_80648,Dmitry Brown,2023-10-26 18:24:52,2025-07-09 08:51:59,True,viewer
804,3001302044,user_02044,Alex Garcia,2023-10-24 14:53:37,2025-07-17 05:01:17,True,member
805,3594586430,user_86430,Alex Smith,2024-03-16 19:23:19,2024-05-25 15:52:00,True,viewer
806,7972644141,user_44141,Nikita Garcia,2023-05-01 15:41:04,2025-02-13 06:48:17,True,member
807,3600110560,user_10560,Alex Davis,2024-11-04 05:22:57,2025-09-14 11:37:41,True,manager
808,4576189604,user_89604,Alex Johnson,2024-01-29 20:07:57,2024-07-22 07:46:02,True,member
809,3137397881,user_97881,Ivan Smith,2024-10-30 02:14:06,2025-01-09 22:34:00,True,viewer
810,4317454196,user_54196,Tatiana Davis,2025-06-21 23:40:51,2025-08-13 09:58:33,True,manager
811,4039194181,user_94181,Anna Brown,2025-07-27 19:44:37,2025-11-26 12:51:37,True,member
812,6777403385,user_03385,Tatiana Martinez,2024-01-15 08:02:07,2025-09-01 05:59:42,True,member
813,6534922312,user_22312,Tatiana Johnson,2023-12-18 01:59:58,2024-05-17 13:14:47,True,member
814,1588911657,user_11657,Olga Smith,2023-11-28 16:48:15,2024-04-02 08:58:24,True,member
815,3757466738,user_66738,Dmitry Smith,2025-03-17 23:23:41,2025-10-01 16:37:31,True,manager
816,3406474650,user_74650,Elena Williams,2024-06-30 17:14:07,2025-10-23 23:13:25,True,viewer
817,6707850555,user_50555,Anna Johnson,2024-04-01 19:09:55,2024-05-25 06:42:38,True,member
818,2734270780,user_70780,Elena Williams,2025-05-15 01:07:49,2025-06-11 02:42:16,True,member
819,9050750626,user_50626,Nikita Garcia,2024-03-12 14:10:41,2025-06-23 16:14:27,True,member
820,6492554229,user_54229,Elena Garcia,2024-11-13 16:14:33,2025-07-17 05:56:43,True,member
821,6460700540,user_00540,Maria Martinez,2023-05-24 03:57:19,2023-08-05 01:46:44,True,member
822,5020511610,user_11610,Elena Davis,2025-07-25 18:06:45,2025-08-31 06:53:56,True,viewer
823,1137759349,user_59349,Maria Smith,2023-03-02 08:03:16,2024-01-24 22:28:07,True,viewer
824,1765560629,user_60629,Tatiana Garcia,2023-12-29 04:28:39,2024-03-08 19:28:48,True,member
825,6089423145,user_23145,Elena Garcia,2025-07-04 11:43:13,2025-10-09 03:07:46,True,member
826,3708761452,user_61452,Maria Brown,2023-06-08 03:31:43,2025-12-09 19:03:22,True,member
827,3899036571,user_36571,Anna Brown,2025-04-15 02:20:19,2025-10-21 08:36:20,True,member
828,3685082618,user_82618,Olga Johnson,2023-08-17 02:27:04,2024-08-02 16:21:11,True,member
829,1368441174,user_41174,Alex Davis,2023-09-24 01:53:34,2025-11-03 05:49:12,True,member
830,4434033427,user_33427,Elena Miller,2024-04-01 06:43:34,2024-08-07 23:00:54,True,member
831,8436499638,user_99638,Ivan Martinez,2024-12-01 20:27:22,2025-11-03 12:00:51,True,member
832,7362087203,user_87203,Olga Smith,2025-02-19 01:34:20,2025-10-01 15:43:41,True,manager
833,6676937176,user_37176,Anna Rodriguez,2025-10-29 03:37:06,2025-10-30 04:22:26,True,member
834,3943614493,user_14493,Tatiana Davis,2024-04-30 20:31:00,2024-09-07 04:55:48,True,member
835,4608448428,user_48428,Nikita Brown,2024-08-11 04:08:22,2024-12-12 01:15:38,True,viewer
836,3314820588,user_20588,Elena Rodriguez,2023-06-21 00:59:53,2023-10-02 06:57:09,True,viewer
837,2137053716,user_53716,Tatiana Smith,2023-05-02 08:58:39,2025-05-16 20:16:58,True,member
838,1543720702,user_20702,Ivan Williams,2024-05-01 12:35:37,2025-04-28 12:35:26,True,member
839,2729022048,user_22048,Nikita Martinez,2024-08-14 15:18:04,2025-10-13 09:51:33,True,viewer
840,5553305688,user_05688,Anna Williams,2023-01-10 23:47:52,2025-04-10 18:49:26,True,manager
841,3248812461,user_12461,Tatiana Davis,2024-11-14 12:29:10,2024-12-12 07:45:14,True,member
842,8594942427,user_42427,Olga Smith,2023-11-05 01:47:29,2024-05-29 05:25:14,True,member
843,2605880380,user_80380,Alex Martinez,2025-10-21 13:57:17,2025-12-09 12:25:35,True,viewer
844,8030833740,user_33740,Dmitry Jones,2024-07-03 07:22:24,2024-07-17 07:19:40,True,manager
845,5281100775,user_00775,Tatiana Brown,2024-05-01 01:05:58,2025-04-28 09:20:09,True,member
846,9162870627,user_70627,Tatiana Smith,2025-01-10 14:18:21,2025-05-23 01:33:15,True,member
847,2349267284,user_67284,Nikita Miller,2023-05-02 09:46:53,2024-04-07 02:59:13,True,member
848,9705513779,user_13779,Sergey Davis,2025-09-17 07:00:42,2025-10-20 02:33:05,True,member
849,8355890670,user_90670,Nikita Davis,2024-02-24 16:33:07,2025-02-01 07:16:24,True,member
850,2726285663,user_85663,Sergey Martinez,2023-01-31 15:55:27,2025-10-11 13:41:37,True,member
851,8607855313,user_55313,Sergey Smith,2025-02-01 23:30:57,2025-06-27 03:32:06,True,member
852,4934759983,user_59983,Dmitry Brown,2024-11-22 04:27:50,2025-08-13 21:57:56,True,member
853,4816278438,user_78438,Ivan Martinez,2025-07-14 10:17:15,2025-09-30 13:21:11,True,viewer
854,2450827577,user_27577,Anna Garcia,2023-02-02 14:36:14,2023-07-22 04:42:42,True,admin
855,5365262844,user_62844,Nikita Davis,2023-05-12 02:30:54,2025-05-22 03:49:53,True,member
856,2041727184,user_27184,Alex Williams,2023-01-18 15:48:36,2023-12-15 14:52:43,True,member
857,1861548216,user_48216,Olga Smith,2024-02-24 20:04:50,2025-01-23 04:35:35,True,member
858,8990444751,user_44751,Anna Brown,2024-03-17 04:22:30,2025-02-03 07:56:06,True,member
859,1790603867,user_03867,Ivan Brown,2025-03-25 10:31:08,2025-09-06 16:38:25,True,member
860,6996817265,user_17265,Olga Brown,2025-06-10 14:15:31,2025-06-23 19:00:25,True,member
861,3702663781,user_63781,Ivan Rodriguez,2024-01-09 17:08:41,2024-09-23 09:50:09,True,member
862,8467929923,user_29923,Anna Miller,2024-01-22 09:21:11,2024-02-15 14:04:34,True,member
863,5090957742,user_57742,Anna Martinez,2023-10-31 19:24:36,2024-01-08 15:53:15,True,member
864,8246373424,user_73424,Dmitry Garcia,2023-07-12 06:04:12,2024-02-23 07:37:30,True,viewer
865,3316797001,user_97001,Alex Smith,2023-01-21 19:39:57,2023-11-12 08:56:53,True,member
866,8722331911,user_31911,Elena Smith,2024-12-31 13:25:09,2025-07-17 12:24:10,True,member
867,2334196702,user_96702,Olga Smith,2023-08-21 14:47:02,2024-01-01 11:12:05,True,member
868,5874292218,user_92218,Tatiana Miller,2024-06-27 01:19:29,2025-02-24 08:36:24,True,member
869,4823534334,user_34334,Dmitry Williams,2025-06-22 18:43:13,2025-10-30 18:40:16,True,member
870,5379290471,user_90471,Olga Rodriguez,2024-09-01 20:08:05,2025-02-01 08:28:39,True,member
871,1381466388,user_66388,Elena Garcia,2023-06-06 20:32:43,2024-12-11 06:15:48,True,member
872,8120305619,user_05619,Maria Rodriguez,2023-12-27 23:51:10,2024-11-27 01:34:22,True,viewer
873,3460521889,user_21889,Sergey Brown,2024-05-05 20:07:16,2025-04-22 07:44:38,True,viewer
874,9512538542,user_38542,Alex Garcia,2023-11-03 12:51:15,2023-12-02 07:43:45,True,member
875,1455879676,user_79676,Ivan Brown,2025-03-07 21:31:01,2025-07-01 12:58:47,True,member
876,6689145356,user_45356,Dmitry Williams,2025-06-29 08:40:37,2025-09-22 15:04:33,True,viewer
877,1377944942,user_44942,Sergey Jones,2023-08-06 12:47:50,2025-09-02 10:04:50,True,member
878,6368136758,user_36758,Nikita Jones,2024-09-27 18:24:08,2025-02-07 15:22:32,True,member
879,8230829732,user_29732,Sergey Rodriguez,2024-08-24 03:28:13,2025-06-18 06:40:19,True,member
880,8254829011,user_29011,Maria Davis,2023-04-22 09:04:54,2023-09-08 18:45:16,True,viewer
881,1101991706,user_91706,Ivan Rodriguez,2023-04-09 04:54:24,2025-05-04 11:22:28,True,member
882,4773641467,user_41467,Anna Davis,2025-03-28 05:11:10,2025-04-11 09:41:16,True,member
883,2476744684,user_44684,Maria Davis,2023-02-01 13:44:51,2024-05-25 13:27:00,True,manager
884,6983706597,user_06597,Sergey Williams,2025-04-02 03:02:28,2025-04-13 09:44:21,True,member
885,5868781320,user_81320,Maria Miller,2025-10-01 20:44:56,2025-10-04 17:04:31,True,member
886,6724293597,user_93597,Nikita Williams,2023-04-16 12:08:34,2024-07-29 07:14:09,True,member
887,1877466719,user_66719,Anna Johnson,2024-06-23 07:06:51,2025-05-27 12:00:27,True,viewer
888,4440823855,user_23855,Nikita Miller,2025-04-24 03:39:02,2025-05-10 13:18:23,True,member
889,5187101166,user_01166,Maria Johnson,2025-11-23 07:40:55,2025-11-23 11:48:59,True,member
890,8738612322,user_12322,Olga Smith,2025-11-30 09:28:34,2025-12-08 13:39:10,True,viewer
891,9151248306,user_48306,Anna Martinez,2024-01-20 17:34:03,2024-01-30 05:20:35,True,member
892,2972754340,user_54340,Maria Brown,2025-05-17 16:33:34,2025-09-02 11:01:23,True,manager
893,1358479812,user_79812,Alex Johnson,2023-05-10 04:26:56,2025-02-16 01:38:34,True,manager
894,3394910181,user_10181,Olga Davis,2023-12-19 16:01:31,2025-03-12 16:31:21,True,member
895,8124859401,user_59401,Dmitry Brown,2024-07-10 07:46:22,2024-11-03 08:14:59,True,member
896,4964064639,user_64639,Olga Rodriguez,2024-02-24 02:10:48,2025-06-23 21:27:50,True,member
897,2383973886,user_73886,Ivan Davis,2023-05-11 02:42:26,2024-02-01 09:21:10,True,member
898,9296358388,user_58388,Anna Garcia,2024-07-10 09:40:26,2024-09-18 19:49:03,True,member
899,5114428642,user_28642,Maria Williams,2023-05-01 03:05:27,2024-04-30 13:43:56,True,member
900,6777751082,user_51082,Tatiana Johnson,2024-11-09 13:41:21,2025-08-14 14:18:34,True,viewer
901,2550806777,user_06777,Anna Garcia,2025-03-31 06:44:58,2025-07-02 14:24:31,True,manager
902,8271153488,user_53488,Maria Rodriguez,2023-09-15 07:51:53,2025-05-05 14:43:45,True,member
903,1129638442,user_38442,Elena Johnson,2025-05-13 03:26:06,2025-07-04 05:54:27,True,member
904,5800357496,user_57496,Alex Williams,2024-06-15 22:06:20,2025-02-02 18:02:57,True,member
905,3925769538,user_69538,Elena Brown,2025-08-12 18:46:01,2025-10-16 07:01:46,True,member
906,9592508944,user_08944,Dmitry Rodriguez,2023-11-27 17:44:57,2025-02-02 02:08:00,True,member
907,6738941654,user_41654,Elena Brown,2023-05-08 19:27:45,2025-07-11 08:15:41,True,member
908,8845268472,user_68472,Maria Martinez,2025-03-22 09:51:27,2025-07-09 06:12:25,True,member
909,8314669324,user_69324,Sergey Martinez,2024-01-23 15:16:08,2025-03-20 06:33:15,True,manager
910,1967097232,user_97232,Anna Jones,2025-08-02 03:02:47,2025-08-20 23:35:33,True,member
911,1457505861,user_05861,Sergey Rodriguez,2023-10-25 22:49:16,2024-08-30 11:27:54,True,manager
912,5071161370,user_61370,Sergey Jones,2023-12-17 06:48:31,2024-10-25 04:06:20,True,member
913,8681877434,user_77434,Tatiana Brown,2024-06-03 02:57:28,2025-03-24 18:55:45,True,member
914,2398860310,user_60310,Anna Davis,2025-11-06 07:37:43,2025-11-28 17:09:13,True,member
915,8216483738,user_83738,Maria Johnson,2024-10-30 20:44:06,2025-06-17 13:50:55,True,member
916,7626772302,user_72302,Elena Miller,2023-11-13 11:14:08,2024-09-06 12:25:48,True,viewer
917,7160879779,user_79779,Olga Garcia,2024-04-18 13:14:30,2025-07-26 21:03:39,True,viewer
918,3789542681,user_42681,Tatiana Johnson,2023-04-08 01:23:47,2024-09-06 12:30:46,True,member
919,6220200102,user_00102,Alex Garcia,2024-01-16 18:39:17,2025-10-15 11:21:17,True,manager
920,8057736353,user_36353,Olga Garcia,2023-08-21 23:24:34,2025-03-05 23:23:32,True,member
921,6990368035,user_68035,Nikita Johnson,2023-07-03 20:54:42,2025-05-07 12:23:50,True,viewer
922,1893028262,user_28262,Sergey Garcia,2024-09-08 01:10:15,2024-10-31 05:47:45,True,member
923,8859049850,user_49850,Nikita Jones,2023-06-12 04:12:23,2025-04-17 09:32:51,True,member
924,4978352119,user_52119,Tatiana Garcia,2023-04-03 23:23:15,2025-04-02 12:34:54,True,member
925,3024645283,user_45283,Sergey Miller,2024-09-27 00:13:58,2025-08-10 03:03:20,True,viewer
926,9880721570,user_21570,Sergey Williams,2024-12-14 02:32:48,2025-04-30 18:51:01,True,member
927,1796639466,user_39466,Olga Smith,2023-04-23 14:48:06,2025-01-31 15:56:28,True,viewer
928,8471274130,user_74130,Ivan Martinez,2023-05-15 23:40:15,2025-11-19 05:50:45,True,member
929,4477728478,user_28478,Alex Jones,2024-06-18 07:09:22,2025-11-09 18:36:17,True,member
930,8664485026,user_85026,Maria Garcia,2025-10-31 16:47:09,2025-11-28 00:31:28,True,manager
931,1866181761,user_81761,Olga Martinez,2024-03-19 03:24:08,2025-06-08 10:21:09,True,viewer
932,2619937209,user_37209,Elena Martinez,2024-04-21 08:56:12,2024-12-15 05:42:38,True,viewer
933,7421709518,user_09518,Sergey Williams,2023-06-07 09:51:18,2024-01-01 22:18:08,True,member
934,9424966174,user_66174,Tatiana Brown,2023-11-10 08:49:31,2025-06-25 22:59:37,True,member
935,7721805992,user_05992,Elena Williams,2024-06-15 04:15:20,2025-05-19 01:43:29,True,viewer
936,7746546018,user_46018,Tatiana Miller,2025-05-10 17:14:03,2025-10-26 18:11:54,True,member
937,4115479296,user_79296,Anna Williams,2024-12-05 18:43:54,2025-08-01 22:31:11,True,member
938,5878384925,user_84925,Ivan Rodriguez,2025-06-23 06:23:54,2025-09-22 15:42:20,True,viewer
939,5246687723,user_87723,Tatiana Williams,2025-03-25 17:35:53,2025-06-28 06:41:05,True,member
940,5911389463,user_89463,Olga Rodriguez,2024-08-30 10:18:28,2025-11-06 22:58:25,True,viewer
941,4310026419,user_26419,Anna Brown,2024-01-28 13:06:21,2025-08-02 00:23:22,True,member
942,5888397871,user_97871,Nikita Williams,2023-06-10 07:16:51,2025-01-20 14:39:36,True,member
943,7355033958,user_33958,Olga Smith,2025-05-05 00:44:17,2025-12-03 22:09:06,True,member
944,5942227225,user_27225,Nikita Brown,2024-05-19 03:10:46,2024-09-04 13:04:43,True,manager
945,9808036635,user_36635,Nikita Smith,2025-08-11 04:20:56,2025-10-10 04:27:33,True,viewer
946,6720015536,user_15536,Nikita Williams,2025-10-24 16:30:53,2025-11-18 00:43:36,True,member
947,9765753687,user_53687,Maria Brown,2023-03-08 12:09:27,2025-04-11 13:49:26,True,member
948,9920802858,user_02858,Ivan Martinez,2025-09-16 01:18:54,2025-09-25 03:38:36,True,manager
949,7253940905,user_40905,Dmitry Rodriguez,2025-09-12 15:25:20,2025-09-22 12:59:16,True,viewer
950,7957635368,user_35368,Ivan Rodriguez,2023-02-10 00:34:30,2024-12-19 14:28:22,True,member
951,2425624677,user_24677,Tatiana Brown,2024-09-15 01:47:33,2025-09-09 17:12:25,True,member
952,3807084146,user_84146,Ivan Smith,2024-09-02 11:42:01,2024-09-14 23:21:17,True,member
953,7869391481,user_91481,Nikita Smith,2024-12-13 21:20:45,2025-07-24 17:46:25,True,viewer
954,3994975397,user_75397,Tatiana Brown,2024-10-08 07:44:02,2025-08-24 07:46:54,True,member
955,2973262567,user_62567,Alex Martinez,2024-11-16 21:10:14,2025-10-25 10:03:05,True,member
956,4263513584,user_13584,Maria Jones,2023-12-25 04:02:28,2024-10-04 11:52:43,True,member
957,3308845705,user_45705,Nikita Jones,2025-07-24 09:49:09,2025-12-07 06:43:31,True,member
958,6922605565,user_05565,Anna Miller,2024-02-07 22:12:28,2025-09-14 06:16:25,True,member
959,2556104505,user_04505,Alex Johnson,2024-04-23 06:34:38,2025-09-08 18:40:13,True,member
960,8288287127,user_87127,Alex Miller,2025-07-28 10:05:44,2025-10-04 02:48:34,True,member
961,1039310233,user_10233,Olga Smith,2024-10-18 11:28:08,2025-05-24 09:41:10,True,member
962,5927897552,user_97552,Sergey Davis,2023-10-31 00:29:15,2023-11-19 00:37:24,True,member
963,4135819349,user_19349,Alex Rodriguez,2024-02-20 03:08:53,2024-09-30 07:34:13,True,member
964,3052941900,user_41900,Olga Miller,2025-07-14 12:02:09,2025-09-23 07:53:42,True,member
965,9537532653,user_32653,Elena Jones,2024-06-21 06:41:03,2025-11-24 22:21:09,True,member
966,4097614306,user_14306,Anna Martinez,2024-03-16 04:33:23,2025-08-15 06:46:43,True,member
967,4504663399,user_63399,Sergey Davis,2024-09-12 04:30:14,2025-08-07 18:49:29,True,member
968,4641475393,user_75393,Anna Miller,2025-08-22 21:30:58,2025-09-11 08:24:06,True,member
969,7321987312,user_87312,Maria Davis,2024-07-30 13:41:51,2025-10-07 15:03:49,True,member
970,6848382989,user_82989,Elena Garcia,2024-03-07 08:50:34,2025-05-14 18:35:49,True,member
971,2467069553,user_69553,Ivan Williams,2023-04-03 13:26:16,2025-08-01 13:57:15,True,member
972,7972399348,user_99348,Alex Miller,2023-08-02 00:29:42,2025-01-28 01:07:05,True,member
973,6897409283,user_09283,Ivan Miller,2023-06-16 15:09:32,2023-11-15 13:32:18,True,member
974,7109111505,user_11505,Nikita Martinez,2024-06-07 09:46:22,2025-02-18 00:26:56,True,member
975,1028194151,user_94151,Maria Garcia,2023-06-03 13:27:10,2024-05-28 06:49:28,True,admin
976,3685546013,user_46013,Maria Brown,2024-09-21 19:08:23,2025-09-19 08:43:27,True,viewer
977,1082269845,user_69845,Elena Jones,2025-02-08 23:42:23,2025-06-11 07:41:28,True,member
978,2840075412,user_75412,Alex Davis,2024-10-16 14:10:32,2025-11-06 10:16:51,True,member
979,3253933718,user_33718,Tatiana Johnson,2024-01-24 03:55:27,2024-02-22 06:41:56,True,member
980,8701956283,user_56283,Olga Smith,2025-06-20 01:19:11,2025-08-21 10:59:47,True,admin
981,5109728918,user_28918,Sergey Davis,2024-05-15 18:56:26,2025-09-14 01:35:51,True,member
982,8599223695,user_23695,Dmitry Davis,2023-12-22 04:18:24,2024-09-21 11:39:16,True,member
983,6468560219,user_60219,Anna Garcia,2024-08-11 05:56:49,2025-08-18 05:37:41,True,member
984,9199446304,user_46304,Anna Brown,2025-08-27 11:50:01,2025-09-25 08:58:17,True,member
985,9197757729,user_57729,Anna Miller,2023-07-16 12:33:03,2024-10-07 18:03:42,True,viewer
986,4186570041,user_70041,Ivan Davis,2024-09-17 21:24:27,2025-11-03 09:35:34,True,manager
987,1737417633,user_17633,Nikita Williams,2025-05-30 00:31:28,2025-10-13 14:39:21,True,member
988,3098997859,user_97859,Nikita Martinez,2025-04-04 07:15:52,2025-10-27 03:57:00,True,member
989,1073030998,user_30998,Elena Miller,2024-07-14 17:37:15,2025-03-17 20:22:00,True,viewer
990,5062714295,user_14295,Elena Brown,2025-01-27 02:32:17,2025-09-16 17:12:24,True,member
991,9682684569,user_84569,Anna Miller,2024-09-02 07:15:41,2025-04-22 08:02:59,True,viewer
992,1434743173,user_43173,Dmitry Smith,2025-05-26 23:09:16,2025-08-26 15:16:53,True,member
993,6532606340,user_06340,Ivan Garcia,2024-12-31 21:23:42,2025-10-25 19:06:10,True,member
994,6802661223,user_61223,Tatiana Brown,2025-06-05 10:24:15,2025-06-24 00:10:44,True,manager
995,5506660351,user_60351,Dmitry Smith,2025-07-13 15:23:41,2025-07-21 22:09:11,True,manager
996,8022081298,user_81298,Elena Johnson,2023-01-24 12:24:25,2023-04-14 10:42:07,True,viewer
997,6246893866,user_93866,Tatiana Davis,2023-03-03 08:57:23,2025-07-25 23:57:44,True,member
998,8478487072,user_87072,Ivan Miller,2023-04-12 21:28:25,2023-07-04 21:01:05,True,viewer
999,3942212238,user_12238,Elena Smith,2024-02-20 12:55:30,2024-12-04 21:35:42,True,member
